SiteID	TestID	LE	LE_error	Ag	Ag_error	Al	Al_error	Al2O3	Al2O3_error	As	As_error	Ba	Ba_error	BaO	BaO_error	Bi	Bi_error	Ca	Ca_error	CaO	CaO_error	Cd	Cd_error	Ce	Ce_error	CeO2	CeO2_error	Co	Co_error	CoO	CoO_error	Cr	Cr_error	Cr2O3	Cr2O3_error	Cu	Cu_error	CuO	CuO_error	Fe	Fe_error	Fe2O3	Fe2O3_error	Hg	Hg_error	K	K_error	K2O	K2O_error	La	La_error	La2O3	La2O3_error	Mg	Mg_error	MgO	MgO_error	Mn	Mn_error	MnO	MnO_error	Mo	Mo_error	Nb	Nb_error	Nd	Nd_error	Nd2O3	Nd2O3_error	Ni	Ni_error	NiO	NiO_error	P	P_error	P2O5	P2O5_error	Pb	Pb_error	PbO	PbO_error	Pr	Pr_error	PrO2	PrO2_error	Rb	Rb_error	S	S_error	SO3	SO3_error	Sb	Sb_error	Se	Se_error	Si	Si_error	SiO2	SiO2_error	Sn	Sn_error	Sr	Sr_error	SrO	SrO_error	Th	Th_error	Ti	Ti_error	TiO2	TiO2_error	U	U_error	V	V_error	V2O5	V2O5_error	W	W_error	Y	Y_error	Zn	Zn_error	ZnO	ZnO_error	Zr	Zr_error	ZrO2	ZrO2_error
2	5830	10.183900	0.102800	0.000000	0.002600	3.761300	0.081300	7.106976	0.153616	0.000000	0.000700	0.025900	0.002100	0.028917	0.002345	0.000000	0.003800	5.431700	0.027900	7.600035	0.039038	0.005300	0.001700	0.000000	0.075100	0.000000	0.092253	0.000000	0.004600	0.000000	0.005849	0.000000	0.008900	0.000000	0.013008	0.000000	0.002100	0.000000	0.002629	0.346700	0.008800	0.495677	0.012581	0.000000	0.002200	2.405700	0.026700	2.897906	0.032163	0.011500	0.003300	0.013486	0.003870	0.000000	0.303400	0.000000	0.503128	0.000000	0.033600	0.000000	0.043384	0.002100	0.000500	0.000000	0.000700	0.000000	0.158500	0.000000	0.184874	0.000000	0.002000	0.000000	0.002545	0.000000	0.008900	0.000000	0.020393	0.000000	0.000800	0.000000	0.000862	0.000000	0.125300	0.000000	0.153756	0.001000	0.000200	0.260700	0.023500	0.651020	0.058684	0.000000	0.006700	0.000000	0.000500	77.544300	0.118600	165.890521	0.253721	0.000000	0.004900	0.004800	0.000300	0.005676	0.000355	0.005000	0.000900	0.000000	0.021000	0.000000	0.035030	0.000000	0.001200	0.000000	0.016400	0.000000	0.029277	0.000000	0.002800	0.000000	0.000600	0.000000	0.001500	0.000000	0.001867	0.010300	0.000400	0.013913	0.000540
3	5832	74.476600	0.125700	0.000000	0.003900	3.058500	0.082200	5.779036	0.155317	0.000000	0.000400	0.006000	0.000800	0.006699	0.000893	0.000000	0.002200	0.879200	0.009600	1.230177	0.013432	0.000000	0.002100	0.005800	0.001600	0.007125	0.001965	0.000000	0.004800	0.000000	0.006103	0.000000	0.005100	0.000000	0.007454	0.002500	0.000800	0.003130	0.001001	1.431000	0.013700	2.045901	0.019587	0.000000	0.001100	0.898300	0.012700	1.082092	0.015298	0.004200	0.001200	0.004925	0.001407	0.000000	1.291100	0.000000	2.141031	0.034500	0.003200	0.044546	0.004132	0.001700	0.000300	0.000000	0.000400	0.000000	0.233600	0.000000	0.272471	0.005900	0.000800	0.007508	0.001018	0.000000	0.026000	0.000000	0.059576	0.000900	0.000300	0.000969	0.000323	0.000000	0.184900	0.000000	0.226891	0.002800	0.000200	0.217500	0.011200	0.543141	0.027969	0.000000	0.004100	0.000000	0.000300	18.695400	0.111300	39.995069	0.238104	0.000000	0.003000	0.009200	0.000200	0.010880	0.000237	0.003900	0.000600	0.251400	0.023500	0.419360	0.039200	0.000000	0.000600	0.000000	0.009600	0.000000	0.017138	0.000000	0.001500	0.000800	0.000200	0.004900	0.000600	0.006100	0.000747	0.009100	0.000300	0.012292	0.000405
4	5833	80.350700	0.111700	0.000000	0.005000	0.257900	0.055500	0.487302	0.104867	0.000000	0.000300	0.001900	0.000500	0.002121	0.000558	0.000000	0.002000	0.113500	0.005400	0.158809	0.007556	0.000000	0.001900	0.000000	0.137900	0.000000	0.169396	0.000000	0.001900	0.000000	0.002416	0.000000	0.004100	0.000000	0.005993	0.000000	0.000900	0.000000	0.001127	0.179000	0.004000	0.255916	0.005719	0.000000	0.000900	0.055300	0.009300	0.066614	0.011203	0.000000	0.110300	0.000000	0.129349	0.000000	1.662900	0.000000	2.757587	0.000000	0.114400	0.000000	0.147713	0.001700	0.000300	0.000000	0.000400	0.009500	0.002400	0.011081	0.002799	0.000000	0.000900	0.000000	0.001145	0.000000	0.031500	0.000000	0.072179	0.000000	0.000400	0.000000	0.000431	0.005700	0.001800	0.006994	0.002209	0.000600	0.000100	0.166800	0.010900	0.416533	0.027219	0.000000	0.003800	0.000000	0.000200	18.846100	0.102800	40.317462	0.219920	0.000000	0.002700	0.002500	0.000100	0.002957	0.000118	0.005000	0.000500	0.000000	0.066900	0.000000	0.111596	0.000000	0.000600	0.000000	0.007200	0.000000	0.012853	0.000000	0.001200	0.000000	0.000300	0.000000	0.000600	0.000000	0.000747	0.004100	0.000200	0.005538	0.000270
4	5835	71.665700	0.933600	0.000000	0.038400	0.000000	0.771200	0.000000	1.457182	0.000000	0.005000	0.000000	0.258500	0.000000	0.288615	0.000000	0.021200	26.193000	0.935400	36.649246	1.308812	0.025800	0.008400	0.000000	0.522700	0.000000	0.642085	0.000000	0.024700	0.000000	0.031406	0.000000	0.061000	0.000000	0.089158	0.000000	0.016300	0.000000	0.020404	0.342100	0.039300	0.489100	0.056187	0.000000	0.017300	0.000000	0.349700	0.000000	0.421249	0.001900	0.000600	0.002228	0.000704	0.000000	6.612400	0.000000	10.965343	0.159900	0.040700	0.206463	0.052552	0.015800	0.003200	0.000000	0.003700	0.000000	1.131900	0.000000	1.320248	0.000000	0.015600	0.000000	0.019853	0.000000	0.134100	0.000000	0.307277	0.000000	0.005900	0.000000	0.006355	0.000000	0.890700	0.000000	1.092978	0.000000	0.002500	0.642200	0.088700	1.603702	0.221502	0.000000	0.027600	0.000000	0.003900	0.895900	0.188100	1.916599	0.402402	0.000000	0.020400	0.057700	0.004000	0.068236	0.004730	0.000000	0.009600	0.000000	0.220400	0.000000	0.367649	0.000000	0.007100	0.000000	0.103200	0.000000	0.184233	0.000000	0.022500	0.000000	0.003400	0.000000	0.012300	0.000000	0.015311	0.000000	0.004200	0.000000	0.005673
5	5838	89.298400	0.091600	0.000000	0.007100	0.000000	0.482700	0.000000	0.912062	0.000000	0.000500	0.002400	0.000400	0.002680	0.000447	0.000000	0.003000	2.667900	0.026700	3.732926	0.037359	0.000000	0.002800	0.000000	0.184100	0.000000	0.226148	0.000000	0.005100	0.000000	0.006485	0.019000	0.005000	0.027770	0.007308	0.000000	0.001600	0.000000	0.002003	0.880600	0.013100	1.258994	0.018729	0.000000	0.001600	0.262300	0.014100	0.315967	0.016985	0.000000	0.146300	0.000000	0.171566	0.000000	3.910800	0.000000	6.485280	0.012800	0.003900	0.016527	0.005036	0.002800	0.000400	0.000000	0.000600	0.007200	0.002000	0.008398	0.002333	0.004100	0.001000	0.005218	0.001273	0.000000	0.079200	0.000000	0.181479	0.000000	0.000600	0.000000	0.000646	0.000000	0.303100	0.000000	0.371934	0.001800	0.000200	0.280600	0.015600	0.700714	0.038956	0.000000	0.005500	0.000000	0.000400	6.249300	0.083600	13.369127	0.178845	0.000000	0.003900	0.009300	0.000300	0.010998	0.000355	0.004900	0.000800	0.273200	0.031900	0.455725	0.053212	0.000000	0.000900	0.000000	0.013100	0.000000	0.023386	0.000000	0.002100	0.000900	0.000300	0.000000	0.001100	0.000000	0.001369	0.022700	0.000500	0.030663	0.000675
6	5839	64.411300	0.131300	0.000000	0.003000	1.713500	0.062000	3.237658	0.117149	0.000000	0.000400	0.013500	0.001200	0.015073	0.001340	0.000000	0.002200	2.076600	0.015100	2.905579	0.021128	0.000000	0.002100	0.000000	0.084000	0.000000	0.103186	0.000000	0.003500	0.000000	0.004450	0.000000	0.004900	0.000000	0.007162	0.000000	0.001100	0.000000	0.001377	0.699500	0.008600	1.000075	0.012295	0.000000	0.001100	0.780600	0.012100	0.940311	0.014576	0.000000	0.067000	0.000000	0.078571	0.000000	0.739600	0.000000	1.226479	0.018800	0.003000	0.024275	0.003874	0.002400	0.000300	0.000000	0.000400	0.016300	0.005400	0.019012	0.006299	0.000000	0.001100	0.000000	0.001400	0.000000	0.016100	0.000000	0.036892	0.000000	0.000400	0.000000	0.000431	0.000000	0.139800	0.000000	0.171549	0.001500	0.000100	0.143300	0.010700	0.357849	0.026720	0.000000	0.004200	0.000000	0.000300	29.838700	0.127300	63.833931	0.272333	0.000000	0.003000	0.006800	0.000200	0.008042	0.000237	0.004100	0.000600	0.252400	0.025000	0.421028	0.041703	0.000000	0.000700	0.000000	0.009500	0.000000	0.016959	0.000000	0.001400	0.000000	0.000400	0.001500	0.000500	0.001867	0.000622	0.019300	0.000300	0.026070	0.000405
7	5841	67.448100	0.126700	0.000000	0.003000	1.089200	0.056300	2.058043	0.106379	0.000000	0.000300	0.005100	0.001000	0.005694	0.001117	0.000000	0.002200	1.603600	0.012500	2.243757	0.017490	0.000000	0.002100	0.000000	0.089200	0.000000	0.109573	0.000000	0.003200	0.000000	0.004069	0.000000	0.004900	0.000000	0.007162	0.000000	0.001000	0.000000	0.001252	0.596500	0.007600	0.852816	0.010866	0.000000	0.001100	0.493800	0.010700	0.594831	0.012889	0.000000	0.071400	0.000000	0.083731	0.000000	0.806400	0.000000	1.337253	0.012100	0.002800	0.015624	0.003615	0.001700	0.000300	0.000000	0.000400	0.000000	0.187500	0.000000	0.218700	0.002600	0.000700	0.003309	0.000891	0.000000	0.017300	0.000000	0.039641	0.000000	0.000400	0.000000	0.000431	0.000000	0.148400	0.000000	0.182102	0.001100	0.000100	0.148400	0.010500	0.370584	0.026221	0.000000	0.004100	0.000000	0.000300	28.321900	0.122800	60.589041	0.262706	0.000000	0.002900	0.006200	0.000200	0.007332	0.000237	0.005600	0.000600	0.246900	0.024000	0.411854	0.040034	0.000000	0.000600	0.000000	0.009000	0.000000	0.016067	0.000000	0.001400	0.000000	0.000400	0.000000	0.000800	0.000000	0.000996	0.017300	0.000300	0.023369	0.000405
8	5845	86.829000	0.090700	0.000000	0.004700	0.258600	0.053700	0.488625	0.101466	0.000000	0.000300	0.002600	0.000600	0.002903	0.000670	0.000000	0.002000	0.877400	0.008400	1.227658	0.011753	0.003400	0.001100	0.003600	0.001200	0.004422	0.001474	0.000000	0.003800	0.000000	0.004832	0.017100	0.003200	0.024993	0.004677	0.000000	0.000900	0.000000	0.001127	1.035200	0.010300	1.480025	0.014726	0.000000	0.000900	0.212000	0.008100	0.255375	0.009757	0.003300	0.000900	0.003870	0.001055	0.000000	2.346600	0.000000	3.891367	0.023300	0.002700	0.030085	0.003486	0.001500	0.000300	0.000000	0.000400	0.000000	0.272800	0.000000	0.318194	0.000000	0.000900	0.000000	0.001145	0.000000	0.047700	0.000000	0.109300	0.000700	0.000200	0.000754	0.000215	0.000000	0.214800	0.000000	0.263581	0.001400	0.000100	0.170300	0.009000	0.425273	0.022475	0.000000	0.003700	0.000000	0.000200	10.069200	0.075500	21.541040	0.161517	0.000000	0.002700	0.010000	0.000200	0.011826	0.000237	0.004200	0.000500	0.438500	0.022900	0.731462	0.038199	0.000000	0.000600	0.000000	0.009400	0.000000	0.016781	0.000000	0.001200	0.000900	0.000200	0.001600	0.000400	0.001992	0.000498	0.036100	0.000400	0.048764	0.000540
9	5846	72.499700	0.131800	0.000000	0.003700	0.446300	0.057700	0.843284	0.109024	0.000000	0.000400	0.003800	0.000800	0.004243	0.000893	0.000000	0.002300	0.275900	0.007000	0.386039	0.009794	0.000000	0.002200	0.000000	0.103100	0.000000	0.126648	0.000000	0.002300	0.000000	0.002924	0.000000	0.004600	0.000000	0.006723	0.000000	0.001100	0.000000	0.001377	0.195300	0.004600	0.279220	0.006577	0.000000	0.001100	0.166000	0.011000	0.199964	0.013251	0.000000	0.082600	0.000000	0.096865	0.000000	0.863400	0.000000	1.431776	0.000000	0.088000	0.000000	0.113626	0.001700	0.000300	0.000000	0.000400	0.000000	0.213200	0.000000	0.248676	0.000000	0.001000	0.000000	0.001273	0.000000	0.024500	0.000000	0.056139	0.000000	0.000400	0.000000	0.000431	0.000000	0.169700	0.000000	0.208239	0.000600	0.000100	0.204500	0.012400	0.510677	0.030965	0.000000	0.004200	0.000000	0.000300	26.192200	0.126400	56.032973	0.270408	0.000000	0.003000	0.004600	0.000200	0.005440	0.000237	0.004800	0.000600	0.000000	0.050600	0.000000	0.084406	0.000000	0.000700	0.000000	0.008300	0.000000	0.014817	0.000000	0.001400	0.000000	0.000400	0.000000	0.000800	0.000000	0.000996	0.004700	0.000300	0.006349	0.000405
10	5847	84.227500	0.111100	0.000000	0.004900	0.000000	0.293200	0.000000	0.554001	0.000000	0.000400	0.001700	0.000500	0.001898	0.000558	0.000000	0.002400	0.252100	0.007500	0.352738	0.010494	0.000000	0.002300	0.003200	0.001100	0.003931	0.001351	0.000000	0.002400	0.000000	0.003052	0.000000	0.005200	0.000000	0.007600	0.000000	0.001200	0.000000	0.001502	0.172500	0.004600	0.246623	0.006577	0.000000	0.001200	0.050600	0.012300	0.060953	0.014817	0.003200	0.000800	0.003753	0.000938	0.000000	2.885700	0.000000	4.785356	0.000000	0.191000	0.000000	0.246619	0.001100	0.000300	0.000000	0.000500	0.007800	0.002500	0.009098	0.002916	0.000000	0.001100	0.000000	0.001400	0.000000	0.059000	0.000000	0.135193	0.000000	0.000500	0.000000	0.000539	0.000000	0.213600	0.000000	0.262109	0.000000	0.000300	0.148000	0.015000	0.369586	0.037458	0.000000	0.004600	0.000000	0.000300	15.122900	0.110300	32.352420	0.235965	0.000000	0.003300	0.002100	0.000200	0.002483	0.000237	0.004200	0.000600	0.000000	0.113000	0.000000	0.188495	0.000000	0.000700	0.000000	0.009100	0.000000	0.016245	0.000000	0.001600	0.000000	0.000400	0.000000	0.000800	0.000000	0.000996	0.003100	0.000300	0.004187	0.000405
10	5848	81.228400	0.115200	0.000000	0.004700	0.252200	0.058200	0.476532	0.109969	0.000000	0.000300	0.001700	0.000600	0.001898	0.000670	0.000000	0.002100	0.282400	0.006500	0.395134	0.009095	0.000000	0.002100	0.000000	0.124500	0.000000	0.152936	0.000000	0.002100	0.000000	0.002670	0.000000	0.004500	0.000000	0.006577	0.000000	0.001000	0.000000	0.001252	0.180300	0.004200	0.257775	0.006005	0.000000	0.001100	0.122500	0.010200	0.147563	0.012287	0.002800	0.000900	0.003284	0.001055	0.000000	1.859600	0.000000	3.083775	0.000000	0.131000	0.000000	0.169147	0.000000	0.000600	0.000000	0.000400	0.000000	0.262100	0.000000	0.305713	0.000000	0.001000	0.000000	0.001273	0.000000	0.038200	0.000000	0.087531	0.000000	0.000400	0.000000	0.000431	0.000000	0.206900	0.000000	0.253887	0.000400	0.000100	0.171300	0.011800	0.427770	0.029467	0.000000	0.004100	0.000000	0.000300	17.748200	0.105500	37.968724	0.225696	0.000000	0.002900	0.002400	0.000100	0.002838	0.000118	0.004300	0.000500	0.000000	0.075400	0.000000	0.125775	0.000000	0.000600	0.000000	0.008400	0.000000	0.014996	0.000000	0.001400	0.000000	0.000300	0.000000	0.000700	0.000000	0.000871	0.003100	0.000200	0.004187	0.000270
11	5853	77.421000	0.107000	0.000000	0.004100	0.369100	0.047300	0.697414	0.089373	0.000000	0.000300	0.003400	0.000700	0.003796	0.000782	0.000000	0.001900	0.314100	0.005600	0.439489	0.007836	0.000000	0.001800	0.000000	0.113700	0.000000	0.139669	0.000000	0.001800	0.000000	0.002289	0.000000	0.003700	0.000000	0.005408	0.000000	0.000900	0.000000	0.001127	0.169600	0.003700	0.242477	0.005290	0.000000	0.000900	0.230500	0.008500	0.277660	0.010239	0.000000	0.090300	0.000000	0.105895	0.000000	1.204400	0.000000	1.997257	0.008300	0.002300	0.010717	0.002970	0.001100	0.000300	0.000000	0.000400	0.000000	0.236300	0.000000	0.275620	0.000000	0.000800	0.000000	0.001018	0.000000	0.023500	0.000000	0.053848	0.000000	0.000300	0.000000	0.000323	0.000000	0.188800	0.000000	0.231676	0.000500	0.000100	0.180600	0.009300	0.450994	0.023224	0.000000	0.003600	0.000000	0.000200	21.227100	0.100500	45.411135	0.215000	0.000000	0.002600	0.004500	0.000100	0.005322	0.000118	0.004200	0.000500	0.063000	0.018700	0.105090	0.031193	0.000000	0.000500	0.000000	0.006700	0.000000	0.011961	0.000000	0.001100	0.000000	0.000300	0.000000	0.000600	0.000000	0.000747	0.003200	0.000200	0.004323	0.000270
12	5854	87.596300	0.108000	0.000000	0.005700	0.000000	0.420700	0.000000	0.794913	0.000000	0.000400	0.003100	0.000400	0.003461	0.000447	0.000000	0.002600	0.330800	0.008600	0.462855	0.012033	0.000000	0.002500	0.000000	0.145400	0.000000	0.178609	0.000000	0.002500	0.000000	0.003179	0.000000	0.005700	0.000000	0.008331	0.000000	0.001200	0.000000	0.001502	0.180400	0.005000	0.257918	0.007149	0.000000	0.001300	0.256600	0.014100	0.309100	0.016985	0.000000	0.116800	0.000000	0.136971	0.000000	4.328400	0.000000	7.177786	0.000000	0.262100	0.000000	0.338424	0.001200	0.000400	0.000000	0.000500	0.009000	0.002200	0.010498	0.002566	0.002800	0.000800	0.003563	0.001018	0.000000	0.086800	0.000000	0.198894	0.000000	0.000500	0.000000	0.000539	0.000000	0.241900	0.000000	0.296835	0.000900	0.000200	0.238300	0.016300	0.595083	0.040704	0.000000	0.004900	0.000000	0.000300	11.272500	0.104200	24.115259	0.222915	0.000000	0.003500	0.003800	0.000200	0.004494	0.000237	0.003400	0.000700	0.098100	0.028100	0.163641	0.046874	0.000000	0.000800	0.000000	0.010300	0.000000	0.018388	0.000000	0.001800	0.000000	0.000400	0.000000	0.000900	0.000000	0.001120	0.002800	0.000300	0.003782	0.000405
13	5855	84.663300	0.101400	0.000000	0.005400	0.000000	0.281000	0.000000	0.530950	0.000000	0.000400	0.003300	0.000500	0.003684	0.000558	0.000000	0.002300	0.345800	0.007300	0.483843	0.010214	0.000000	0.002200	0.000000	0.138300	0.000000	0.169888	0.000000	0.002300	0.000000	0.002924	0.000000	0.004400	0.000000	0.006431	0.002300	0.000600	0.002879	0.000751	0.180500	0.004500	0.258061	0.006434	0.000000	0.001100	0.267500	0.011500	0.322230	0.013853	0.000000	0.110100	0.000000	0.129114	0.000000	2.624400	0.000000	4.352043	0.000000	0.170100	0.000000	0.219633	0.001600	0.000300	0.000000	0.000400	0.000000	0.285700	0.000000	0.333240	0.000000	0.001100	0.000000	0.001400	0.000000	0.051300	0.000000	0.117549	0.000000	0.000500	0.000000	0.000539	0.000000	0.227600	0.000000	0.279288	0.001200	0.000100	0.254300	0.012800	0.635038	0.031964	0.000000	0.004200	0.000000	0.000300	14.264400	0.101100	30.515831	0.216283	0.000000	0.003000	0.006900	0.000200	0.008160	0.000237	0.004300	0.000600	0.000000	0.098500	0.000000	0.164308	0.000000	0.000700	0.000000	0.008300	0.000000	0.014817	0.000000	0.001500	0.000000	0.000400	0.000000	0.000700	0.000000	0.000871	0.004500	0.000300	0.006079	0.000405
14	5857	88.257200	0.107300	0.000000	0.006300	0.000000	0.492600	0.000000	0.930768	0.000000	0.000500	0.003600	0.000400	0.004019	0.000447	0.000000	0.002700	0.317500	0.009200	0.444246	0.012873	0.000000	0.002600	0.000000	0.157500	0.000000	0.193473	0.000000	0.002700	0.000000	0.003433	0.000000	0.005900	0.000000	0.008623	0.000000	0.001300	0.000000	0.001627	0.199500	0.005500	0.285225	0.007863	0.000000	0.001400	0.393200	0.016000	0.473649	0.019274	0.000000	0.127000	0.000000	0.148933	0.000000	4.842900	0.000000	8.030981	0.013200	0.003500	0.017044	0.004519	0.001500	0.000400	0.000000	0.000500	0.000000	0.332900	0.000000	0.388295	0.000000	0.001400	0.000000	0.001782	0.000000	0.093700	0.000000	0.214704	0.000000	0.000600	0.000000	0.000646	0.000000	0.266000	0.000000	0.326409	0.002200	0.000200	0.232000	0.018200	0.579350	0.045449	0.000000	0.005100	0.000000	0.000400	10.560800	0.105800	22.592719	0.226338	0.000000	0.003700	0.008900	0.000300	0.010525	0.000355	0.004300	0.000700	0.000000	0.185500	0.000000	0.309433	0.000000	0.000800	0.000000	0.010500	0.000000	0.018745	0.000000	0.001900	0.000800	0.000200	0.000000	0.001000	0.000000	0.001245	0.005100	0.000300	0.006889	0.000405
15	5859	85.576600	0.107700	0.000000	0.005200	0.000000	0.349800	0.000000	0.660947	0.000000	0.000400	0.003700	0.000500	0.004131	0.000558	0.000000	0.002600	0.285000	0.008200	0.398772	0.011473	0.000000	0.002400	0.000000	0.139000	0.000000	0.170748	0.000000	0.002500	0.000000	0.003179	0.000000	0.005300	0.000000	0.007746	0.000000	0.001300	0.000000	0.001627	0.175000	0.004800	0.250197	0.006863	0.000000	0.001200	0.417000	0.014000	0.502318	0.016864	0.000000	0.112900	0.000000	0.132398	0.000000	3.280200	0.000000	5.439556	0.000000	0.210600	0.000000	0.271927	0.001800	0.000400	0.000000	0.000500	0.000000	0.292100	0.000000	0.340705	0.000000	0.001200	0.000000	0.001527	0.000000	0.063800	0.000000	0.146191	0.000900	0.000300	0.000969	0.000323	0.000000	0.232700	0.000000	0.285546	0.001900	0.000200	0.252200	0.015200	0.629794	0.037957	0.000000	0.004600	0.000000	0.000300	13.263600	0.107100	28.374819	0.229119	0.005800	0.001700	0.007100	0.000200	0.008396	0.000237	0.006500	0.000700	0.000000	0.129500	0.000000	0.216019	0.000000	0.000700	0.000000	0.009400	0.000000	0.016781	0.000000	0.001600	0.000000	0.000400	0.000000	0.000900	0.000000	0.001120	0.002800	0.000300	0.003782	0.000405
16	5860	81.102500	0.135600	0.000000	0.004700	0.302500	0.077700	0.571574	0.146814	0.000000	0.000400	0.005100	0.000600	0.005694	0.000670	0.000000	0.002500	0.322400	0.008500	0.451102	0.011893	0.000000	0.002400	0.000000	0.128300	0.000000	0.157604	0.000000	0.002500	0.000000	0.003179	0.000000	0.005100	0.000000	0.007454	0.000000	0.001200	0.000000	0.001502	0.169300	0.004800	0.242048	0.006863	0.000000	0.001200	0.608300	0.015200	0.732758	0.018310	0.000000	0.101700	0.000000	0.119264	0.000000	2.373700	0.000000	3.936307	0.000000	0.156500	0.000000	0.202073	0.001700	0.000400	0.000000	0.000500	0.000000	0.264300	0.000000	0.308280	0.000000	0.001200	0.000000	0.001527	0.000000	0.044900	0.000000	0.102884	0.000000	0.000500	0.000000	0.000539	0.007700	0.002000	0.009449	0.002454	0.001900	0.000200	0.155600	0.015500	0.388564	0.038707	0.000000	0.004700	0.000000	0.000300	17.303700	0.120800	37.017805	0.258427	0.005200	0.001700	0.005300	0.000200	0.006268	0.000237	0.005100	0.000600	0.000000	0.094000	0.000000	0.156801	0.000000	0.000700	0.000000	0.009500	0.000000	0.016959	0.000000	0.001600	0.000000	0.000400	0.000000	0.000900	0.000000	0.001120	0.003800	0.000300	0.005133	0.000405
17	5864	76.085900	0.112100	0.000000	0.004100	0.444200	0.055300	0.839316	0.104489	0.000000	0.000300	0.005000	0.000700	0.005583	0.000782	0.000000	0.001900	0.284000	0.005800	0.397373	0.008115	0.000000	0.001900	0.000000	0.111200	0.000000	0.136598	0.000000	0.001900	0.000000	0.002416	0.000000	0.003600	0.000000	0.005262	0.000000	0.000800	0.000000	0.001001	0.202800	0.004000	0.289943	0.005719	0.000000	0.000800	0.391600	0.009400	0.471721	0.011323	0.004400	0.001100	0.005160	0.001290	0.000000	1.139600	0.000000	1.889799	0.000000	0.080000	0.000000	0.103296	0.000000	0.000500	0.000000	0.000400	0.000000	0.230900	0.000000	0.269322	0.000000	0.000800	0.000000	0.001018	0.000000	0.021800	0.000000	0.049953	0.000000	0.000400	0.000000	0.000431	0.000000	0.184000	0.000000	0.225786	0.001300	0.000100	0.176900	0.009900	0.441755	0.024722	0.000000	0.003600	0.000000	0.000200	22.391400	0.105100	47.901922	0.224840	0.000000	0.002600	0.004600	0.000200	0.005440	0.000237	0.004100	0.000500	0.000000	0.047800	0.000000	0.079735	0.000000	0.000500	0.000000	0.006900	0.000000	0.012318	0.000000	0.001100	0.000000	0.000300	0.000000	0.000600	0.000000	0.000747	0.003700	0.000200	0.004998	0.000270
18	5865	67.555900	0.086400	0.000000	0.002800	0.921500	0.037000	1.741174	0.069912	0.000000	0.000200	0.009300	0.001000	0.010383	0.001117	0.000000	0.001400	0.290700	0.003700	0.406747	0.005177	0.000000	0.001300	0.007000	0.002000	0.008599	0.002457	0.000000	0.001300	0.000000	0.001653	0.000000	0.002500	0.000000	0.003654	0.000000	0.000500	0.000000	0.000626	0.183500	0.002800	0.262350	0.004003	0.000000	0.000500	0.447200	0.005900	0.538697	0.007107	0.005100	0.001600	0.005981	0.001876	0.000000	0.366500	0.000000	0.607767	0.006000	0.001500	0.007747	0.001937	0.000700	0.000200	0.000000	0.000300	0.018300	0.004600	0.021345	0.005365	0.000000	0.000500	0.000000	0.000636	0.000000	0.008500	0.000000	0.019477	0.000000	0.000200	0.000000	0.000215	0.011100	0.003500	0.013621	0.004295	0.001000	0.000100	0.090000	0.005600	0.224748	0.013984	0.004700	0.001300	0.000000	0.000100	30.437400	0.084000	65.114730	0.179701	0.000000	0.001900	0.004800	0.000100	0.005676	0.000118	0.002800	0.000300	0.000000	0.018900	0.000000	0.031527	0.000000	0.000400	0.000000	0.004700	0.000000	0.008390	0.000000	0.000700	0.000000	0.000200	0.000900	0.000200	0.001120	0.000249	0.002300	0.000100	0.003107	0.000135
19	5868	59.083800	0.077700	0.000000	0.002500	1.408700	0.032600	2.661739	0.061598	0.000000	0.000200	0.017100	0.001200	0.019092	0.001340	0.000000	0.001200	0.305600	0.003200	0.427596	0.004477	0.000000	0.001200	0.000000	0.075700	0.000000	0.092990	0.000000	0.001200	0.000000	0.001526	0.000000	0.002200	0.000000	0.003216	0.000000	0.000500	0.000000	0.000626	0.180400	0.002500	0.257918	0.003574	0.000000	0.000500	0.532900	0.005100	0.641931	0.006143	0.000000	0.060000	0.000000	0.070362	0.000000	0.199800	0.000000	0.331328	0.000000	0.021300	0.000000	0.027503	0.000700	0.000200	0.000000	0.000200	0.000000	0.157000	0.000000	0.183125	0.000000	0.000500	0.000000	0.000636	0.000000	0.004800	0.000000	0.010999	0.000000	0.000200	0.000000	0.000215	0.000000	0.125100	0.000000	0.153510	0.001200	0.000100	0.055500	0.004300	0.138595	0.010738	0.000000	0.002300	0.000000	0.000100	38.406000	0.076700	82.161956	0.164084	0.000000	0.001600	0.003400	0.000100	0.004021	0.000118	0.001300	0.000300	0.000000	0.011200	0.000000	0.018683	0.000000	0.000300	0.000000	0.004000	0.000000	0.007141	0.000000	0.000600	0.000400	0.000100	0.000000	0.000300	0.000000	0.000373	0.003000	0.000100	0.004052	0.000135
20	5869	85.715800	0.091300	0.000000	0.004900	0.000000	0.282800	0.000000	0.534351	0.000000	0.000300	0.004000	0.000500	0.004466	0.000558	0.000000	0.002000	0.196600	0.005800	0.275083	0.008115	0.000000	0.001900	0.000000	0.130900	0.000000	0.160798	0.000000	0.001900	0.000000	0.002416	0.000000	0.003900	0.000000	0.005700	0.000000	0.000900	0.000000	0.001127	0.190700	0.004100	0.272644	0.005862	0.000000	0.000900	0.191700	0.009800	0.230922	0.011805	0.000000	0.103000	0.000000	0.120788	0.000000	2.451200	0.000000	4.064825	0.000000	0.160200	0.000000	0.206850	0.001500	0.000300	0.000000	0.000400	0.000000	0.274200	0.000000	0.319827	0.000000	0.000900	0.000000	0.001145	0.000000	0.044800	0.000000	0.102655	0.000000	0.000400	0.000000	0.000431	0.000000	0.218700	0.000000	0.268367	0.001200	0.000100	0.163800	0.011200	0.409041	0.027969	0.000000	0.003800	0.000000	0.000200	13.525200	0.090800	28.934460	0.194248	0.000000	0.002700	0.003400	0.000100	0.004021	0.000118	0.002900	0.000500	0.000000	0.095600	0.000000	0.159470	0.000000	0.000600	0.000000	0.007300	0.000000	0.013032	0.000000	0.001200	0.000000	0.000300	0.000000	0.000600	0.000000	0.000747	0.003200	0.000200	0.004323	0.000270
21	5870	85.018500	0.133200	0.000000	0.005100	0.000000	0.534900	0.000000	1.010694	0.000000	0.000500	0.004800	0.000500	0.005359	0.000558	0.000000	0.003100	0.165200	0.010500	0.231148	0.014692	0.000000	0.002900	0.000000	0.136600	0.000000	0.167799	0.000000	0.003100	0.000000	0.003942	0.000000	0.006300	0.000000	0.009208	0.000000	0.001500	0.000000	0.001878	0.192300	0.006000	0.274931	0.008578	0.000000	0.001500	0.487700	0.019300	0.587483	0.023249	0.000000	0.109100	0.000000	0.127942	0.000000	4.363300	0.000000	7.235660	0.000000	0.279500	0.000000	0.360890	0.002000	0.000400	0.000000	0.000600	0.009600	0.002400	0.011197	0.002799	0.000000	0.001600	0.000000	0.002036	0.000000	0.081700	0.000000	0.187207	0.000000	0.000600	0.000000	0.000646	0.005400	0.001800	0.006626	0.002209	0.002500	0.000200	0.429500	0.021400	1.072547	0.053440	0.000000	0.005600	0.000000	0.000400	13.667200	0.132200	29.238241	0.282815	0.000000	0.004000	0.005500	0.000200	0.006504	0.000237	0.005000	0.000800	0.000000	0.167100	0.000000	0.278740	0.000000	0.000900	0.000000	0.011600	0.000000	0.020708	0.000000	0.002100	0.000000	0.000500	0.000000	0.001100	0.000000	0.001369	0.004900	0.000300	0.006619	0.000405
22	5871	62.324300	0.149000	0.000000	0.005300	0.633500	0.063600	1.196998	0.120172	0.000000	0.000500	0.011200	0.001100	0.012505	0.001228	0.000000	0.003200	22.030900	0.122700	30.825635	0.171682	0.000000	0.002800	0.000000	0.134300	0.000000	0.164974	0.000000	0.006200	0.000000	0.007883	0.057300	0.006300	0.083750	0.009208	0.000000	0.001700	0.000000	0.002128	1.348800	0.016700	1.928379	0.023876	0.000000	0.001700	0.742700	0.011300	0.894656	0.013612	0.000000	0.106600	0.000000	0.125010	0.000000	0.461900	0.000000	0.765969	0.033300	0.004900	0.042997	0.006327	0.002100	0.000500	0.000000	0.000600	0.015400	0.005000	0.017963	0.005832	0.003000	0.001000	0.003818	0.001273	0.000000	0.016200	0.000000	0.037121	0.000000	0.000700	0.000000	0.000754	0.000000	0.229100	0.000000	0.281129	0.002700	0.000200	0.383900	0.009800	0.958675	0.024473	0.000000	0.005500	0.000000	0.000400	11.834600	0.094700	25.317760	0.202592	0.000000	0.003900	0.023600	0.000400	0.027909	0.000473	0.006400	0.000800	0.509600	0.036600	0.850064	0.061052	0.000000	0.001000	0.000000	0.015100	0.000000	0.026957	0.000000	0.002200	0.000000	0.000500	0.002300	0.000700	0.002863	0.000871	0.034600	0.000600	0.046738	0.000810
23	5875	81.591000	0.079100	0.000000	0.003500	0.647900	0.046600	1.224207	0.088051	0.000000	0.000300	0.008100	0.000900	0.009044	0.001005	0.000000	0.001800	4.736600	0.025200	6.627451	0.035260	0.000000	0.001700	0.000000	0.102300	0.000000	0.125665	0.000000	0.003400	0.000000	0.004323	0.055100	0.003600	0.080534	0.005262	0.000000	0.000800	0.000000	0.001001	1.021300	0.009100	1.460153	0.013010	0.000000	0.000800	0.465200	0.006800	0.560380	0.008191	0.000000	0.082000	0.000000	0.096161	0.000000	0.689000	0.000000	1.142569	0.016300	0.002400	0.021047	0.003099	0.001100	0.000300	0.000000	0.000300	0.000000	0.213500	0.000000	0.249026	0.002800	0.000500	0.003563	0.000636	0.000000	0.021300	0.000000	0.048807	0.000000	0.000300	0.000000	0.000323	0.000000	0.167900	0.000000	0.206030	0.002100	0.000100	0.102300	0.006000	0.255464	0.014983	0.000000	0.003400	0.000000	0.000200	10.873600	0.066400	23.261892	0.142050	0.005100	0.001300	0.009600	0.000200	0.011353	0.000237	0.003200	0.000500	0.423600	0.020300	0.706607	0.033862	0.000000	0.000500	0.000000	0.008000	0.000000	0.014282	0.000000	0.001100	0.000900	0.000200	0.001500	0.000400	0.001867	0.000498	0.032700	0.000400	0.044171	0.000540
24	5877	69.894400	0.138500	0.000000	0.003300	0.356200	0.060800	0.673040	0.114882	0.000000	0.000400	0.004800	0.000900	0.005359	0.001005	0.000000	0.002300	0.410700	0.007900	0.574651	0.011054	0.000000	0.002300	0.000000	0.092600	0.000000	0.113750	0.000000	0.002200	0.000000	0.002797	0.000000	0.004600	0.000000	0.006723	0.000000	0.001100	0.000000	0.001377	0.166600	0.004300	0.238188	0.006148	0.000000	0.001100	0.360400	0.012100	0.434138	0.014576	0.000000	0.074600	0.000000	0.087483	0.000000	1.123500	0.000000	1.863100	0.000000	0.077500	0.000000	0.100068	0.001400	0.000300	0.000000	0.000500	0.016700	0.004000	0.019479	0.004666	0.000000	0.001100	0.000000	0.001400	0.000000	0.021600	0.000000	0.049494	0.000000	0.000400	0.000000	0.000431	0.009300	0.003000	0.011412	0.003681	0.000900	0.000100	0.265900	0.013200	0.664005	0.032963	0.000000	0.004400	0.000000	0.000300	28.497200	0.133600	60.964060	0.285810	0.006400	0.001600	0.002400	0.000200	0.002838	0.000237	0.004300	0.000600	0.000000	0.045700	0.000000	0.076232	0.000000	0.000700	0.000000	0.008600	0.000000	0.015353	0.000000	0.001500	0.000000	0.000400	0.000000	0.000800	0.000000	0.000996	0.002300	0.000200	0.003107	0.000270
25	5878	69.318600	0.109000	0.000000	0.003300	0.645300	0.046400	1.219294	0.087673	0.000000	0.000300	0.012100	0.000900	0.013510	0.001005	0.000000	0.001800	0.155300	0.004800	0.217296	0.006716	0.000000	0.001700	0.005700	0.001900	0.007002	0.002334	0.000000	0.001700	0.000000	0.002162	0.000000	0.003500	0.000000	0.005116	0.000000	0.000800	0.000000	0.001001	0.166300	0.003400	0.237759	0.004861	0.000000	0.000800	0.534400	0.009100	0.643738	0.010962	0.000000	0.070300	0.000000	0.082441	0.000000	0.721400	0.000000	1.196298	0.000000	0.054300	0.000000	0.070112	0.001000	0.000200	0.000000	0.000400	0.000000	0.184000	0.000000	0.214618	0.000000	0.000800	0.000000	0.001018	0.000000	0.013900	0.000000	0.031850	0.000000	0.000300	0.000000	0.000323	0.014300	0.003200	0.017548	0.003927	0.001600	0.000100	0.111700	0.008800	0.278937	0.021975	0.000000	0.003300	0.000000	0.000200	29.017300	0.105700	62.076710	0.226124	0.005300	0.001200	0.003900	0.000100	0.004612	0.000118	0.004100	0.000500	0.000000	0.031200	0.000000	0.052045	0.000000	0.000500	0.000000	0.006400	0.000000	0.011425	0.000000	0.001000	0.000000	0.000300	0.000000	0.000600	0.000000	0.000747	0.003000	0.000200	0.004052	0.000270
26	5880	65.748800	0.072100	0.000000	0.002600	0.994500	0.028200	1.879108	0.053284	0.000000	0.000200	0.017500	0.001100	0.019539	0.001228	0.000000	0.001100	0.197000	0.002700	0.275642	0.003778	0.000000	0.001100	0.000000	0.075800	0.000000	0.093113	0.000000	0.001100	0.000000	0.001399	0.000000	0.002000	0.000000	0.002923	0.000000	0.000400	0.000000	0.000501	0.211700	0.002500	0.302667	0.003574	0.000000	0.000400	0.516100	0.004700	0.621694	0.005662	0.000000	0.060800	0.000000	0.071300	0.000000	0.207900	0.000000	0.344761	0.004700	0.001200	0.006069	0.001549	0.000700	0.000200	0.000000	0.000200	0.000000	0.158100	0.000000	0.184408	0.000000	0.000400	0.000000	0.000509	0.000000	0.005600	0.000000	0.012832	0.000300	0.000100	0.000323	0.000108	0.000000	0.126000	0.000000	0.154615	0.002100	0.000100	0.036600	0.003700	0.091398	0.009240	0.000000	0.002100	0.000000	0.000100	32.223900	0.070600	68.936589	0.151035	0.000000	0.001500	0.005700	0.000100	0.006741	0.000118	0.001600	0.000300	0.034100	0.010900	0.056882	0.018182	0.000000	0.000300	0.000000	0.003800	0.000000	0.006784	0.000000	0.000600	0.000000	0.000200	0.000900	0.000200	0.001120	0.000249	0.003900	0.000100	0.005268	0.000135
27	5881	59.444900	0.083200	0.000000	0.002700	0.933100	0.030500	1.763092	0.057630	0.000000	0.000200	0.015700	0.001200	0.017529	0.001340	0.000000	0.001300	0.229200	0.003200	0.320697	0.004477	0.000000	0.001300	0.000000	0.074600	0.000000	0.091639	0.000000	0.001200	0.000000	0.001526	0.000000	0.002300	0.000000	0.003362	0.000000	0.000500	0.000000	0.000626	0.164200	0.002600	0.234757	0.003717	0.000000	0.000500	0.385200	0.005200	0.464012	0.006264	0.000000	0.059600	0.000000	0.069893	0.000000	0.198000	0.000000	0.328343	0.000000	0.023100	0.000000	0.029827	0.000700	0.000200	0.000000	0.000300	0.000000	0.156300	0.000000	0.182308	0.000000	0.000500	0.000000	0.000636	0.000000	0.005500	0.000000	0.012603	0.000000	0.000200	0.000000	0.000215	0.000000	0.123800	0.000000	0.151915	0.001300	0.000100	0.074200	0.004800	0.185292	0.011987	0.000000	0.002500	0.000000	0.000100	38.696600	0.082300	82.783636	0.176064	0.000000	0.001800	0.003800	0.000100	0.004494	0.000118	0.002100	0.000300	0.044800	0.012300	0.074731	0.020518	0.000000	0.000400	0.000000	0.004300	0.000000	0.007676	0.000000	0.000700	0.000400	0.000100	0.000000	0.000400	0.000000	0.000498	0.003900	0.000100	0.005268	0.000135
28	5882	58.657800	0.069900	0.000000	0.002100	1.291400	0.020700	2.440100	0.039113	0.000000	0.000100	0.019400	0.001500	0.021660	0.001675	0.005400	0.000400	0.124300	0.001500	0.173921	0.002099	0.000000	0.000800	0.000000	0.062100	0.000000	0.076284	0.000000	0.000700	0.000000	0.000890	0.000000	0.001400	0.000000	0.002046	0.000000	0.000300	0.000000	0.000376	0.133600	0.001600	0.191008	0.002288	0.000000	0.000300	0.262400	0.002600	0.316087	0.003132	0.000000	0.049700	0.000000	0.058283	0.491700	0.062500	0.815386	0.103644	0.003600	0.000900	0.004648	0.001162	0.000000	0.000200	0.000000	0.000200	0.000000	0.131900	0.000000	0.153848	0.000000	0.000300	0.000000	0.000382	0.000000	0.002500	0.000000	0.005729	0.000000	0.000100	0.000000	0.000108	0.000000	0.103000	0.000000	0.126391	0.001200	0.000000	0.000000	0.004400	0.000000	0.010988	0.000000	0.001600	0.000000	0.000100	38.974900	0.063700	83.379004	0.136273	0.000000	0.001100	0.002400	0.000100	0.002838	0.000118	0.000000	0.000400	0.028600	0.008100	0.047708	0.013512	0.000000	0.000200	0.000000	0.002700	0.000000	0.004820	0.000000	0.000400	0.000300	0.000100	0.000600	0.000100	0.000747	0.000124	0.002100	0.000100	0.002837	0.000135
30	5885	80.814100	0.126800	0.000000	0.004700	0.281600	0.068600	0.532083	0.129620	0.000000	0.000400	0.005100	0.000600	0.005694	0.000670	0.000000	0.002300	0.207400	0.007000	0.290194	0.009794	0.004400	0.001200	0.004100	0.001100	0.005036	0.001351	0.000000	0.002500	0.000000	0.003179	0.000000	0.004800	0.000000	0.007016	0.000000	0.001100	0.000000	0.001377	0.251400	0.005300	0.359427	0.007577	0.000000	0.001100	0.287400	0.012000	0.346202	0.014455	0.000000	0.101400	0.000000	0.118912	0.000000	2.125800	0.000000	3.525214	0.000000	0.139800	0.000000	0.180510	0.001500	0.000300	0.000000	0.000500	0.000000	0.269900	0.000000	0.314811	0.000000	0.001000	0.000000	0.001273	0.000000	0.041400	0.000000	0.094864	0.000000	0.000400	0.000000	0.000431	0.000000	0.214400	0.000000	0.263090	0.001900	0.000100	0.206300	0.013500	0.515172	0.033712	0.000000	0.004400	0.000000	0.000300	17.914700	0.114700	38.324918	0.245378	0.004900	0.001600	0.005600	0.000200	0.006623	0.000237	0.004700	0.000600	0.000000	0.083700	0.000000	0.139620	0.000000	0.000700	0.000000	0.008800	0.000000	0.015710	0.000000	0.001500	0.000000	0.000400	0.000000	0.000800	0.000000	0.000996	0.004800	0.000300	0.006484	0.000405
31	5888	74.009700	0.122300	0.000000	0.004100	0.355500	0.053800	0.671717	0.101655	0.000000	0.000300	0.005700	0.000700	0.006364	0.000782	0.000000	0.002100	0.214500	0.005900	0.300128	0.008255	0.000000	0.002000	0.000000	0.111900	0.000000	0.137458	0.000000	0.001900	0.000000	0.002416	0.000000	0.004100	0.000000	0.005993	0.000000	0.000900	0.000000	0.001127	0.153100	0.003800	0.218887	0.005433	0.000000	0.001000	0.138500	0.009600	0.166837	0.011564	0.000000	0.088800	0.000000	0.104136	0.000000	1.161400	0.000000	1.925950	0.000000	0.082400	0.000000	0.106395	0.001500	0.000300	0.000000	0.000400	0.000000	0.235700	0.000000	0.274920	0.000000	0.001000	0.000000	0.001273	0.000000	0.023300	0.000000	0.053390	0.000000	0.000400	0.000000	0.000431	0.000000	0.186300	0.000000	0.228609	0.000700	0.000100	0.147700	0.011100	0.368836	0.027719	0.000000	0.003800	0.000000	0.000200	24.900700	0.115800	53.270068	0.247731	0.000000	0.002800	0.002400	0.000100	0.002838	0.000118	0.004000	0.000500	0.062700	0.019900	0.104590	0.033195	0.000000	0.000600	0.000000	0.006900	0.000000	0.012318	0.000000	0.001300	0.000000	0.000300	0.000000	0.000700	0.000000	0.000871	0.003400	0.000200	0.004593	0.000270
32	5890	71.349800	0.107600	0.000000	0.003300	0.499100	0.045000	0.943049	0.085027	0.000000	0.000300	0.007800	0.000900	0.008709	0.001005	0.000000	0.001800	0.169000	0.004800	0.236465	0.006716	0.000000	0.001700	0.000000	0.092100	0.000000	0.113136	0.000000	0.001600	0.000000	0.002034	0.000000	0.003300	0.000000	0.004823	0.000000	0.000700	0.000000	0.000876	0.157000	0.003300	0.224463	0.004718	0.000000	0.000800	0.327700	0.008300	0.394747	0.009998	0.000000	0.074100	0.000000	0.086897	0.000000	0.787200	0.000000	1.305414	0.000000	0.057800	0.000000	0.074631	0.001300	0.000200	0.000000	0.000400	0.000000	0.191100	0.000000	0.222899	0.000000	0.000700	0.000000	0.000891	0.000000	0.015100	0.000000	0.034600	0.000000	0.000300	0.000000	0.000323	0.000000	0.151600	0.000000	0.186028	0.000800	0.000100	0.141200	0.008700	0.352605	0.021726	0.000000	0.003300	0.000000	0.000200	27.275200	0.103300	58.349835	0.220990	0.003700	0.001200	0.002600	0.000100	0.003075	0.000118	0.003600	0.000400	0.058100	0.016600	0.096917	0.027690	0.000000	0.000500	0.000000	0.005900	0.000000	0.010533	0.000000	0.001000	0.000000	0.000300	0.000000	0.000500	0.000000	0.000622	0.003100	0.000200	0.004187	0.000270
33	5892	78.667000	0.117700	0.000000	0.003700	0.294900	0.058400	0.557214	0.110347	0.000000	0.000300	0.003600	0.000700	0.004019	0.000782	0.000000	0.002100	0.280500	0.006300	0.392476	0.008815	0.000000	0.002000	0.000000	0.104100	0.000000	0.127876	0.000000	0.001900	0.000000	0.002416	0.000000	0.004000	0.000000	0.005846	0.000000	0.000900	0.000000	0.001127	0.120900	0.003500	0.172851	0.005004	0.000000	0.001000	0.100800	0.009700	0.121424	0.011685	0.000000	0.083700	0.000000	0.098155	0.000000	1.551300	0.000000	2.572521	0.000000	0.101400	0.000000	0.130928	0.001500	0.000300	0.000000	0.000400	0.000000	0.217700	0.000000	0.253925	0.000000	0.000900	0.000000	0.001145	0.000000	0.030100	0.000000	0.068971	0.000000	0.000400	0.000000	0.000431	0.000000	0.173100	0.000000	0.212411	0.000000	0.000200	0.275300	0.011400	0.687479	0.028468	0.000000	0.003900	0.000000	0.000200	20.244200	0.109200	43.308417	0.233612	0.004600	0.001400	0.001100	0.000100	0.001301	0.000118	0.003800	0.000500	0.000000	0.066800	0.000000	0.111429	0.000000	0.000600	0.000000	0.007300	0.000000	0.013032	0.000000	0.001300	0.000000	0.000300	0.000000	0.000700	0.000000	0.000871	0.001700	0.000200	0.002296	0.000270
34	5893	68.646800	0.080300	0.000000	0.003200	0.651600	0.031200	1.231198	0.058952	0.000000	0.000200	0.011100	0.000900	0.012393	0.001005	0.000000	0.001300	0.220000	0.003200	0.307824	0.004477	0.000000	0.001200	0.000000	0.088100	0.000000	0.108222	0.000000	0.001100	0.000000	0.001399	0.000000	0.002300	0.000000	0.003362	0.000000	0.000500	0.000000	0.000626	0.166500	0.002500	0.238045	0.003574	0.000000	0.000500	0.356700	0.005200	0.429681	0.006264	0.005200	0.001500	0.006098	0.001759	0.000000	0.390800	0.000000	0.648064	0.004200	0.001400	0.005423	0.001808	0.000900	0.000200	0.000000	0.000300	0.016800	0.004400	0.019596	0.005132	0.000000	0.000500	0.000000	0.000636	0.000000	0.007900	0.000000	0.018102	0.000000	0.000200	0.000000	0.000215	0.000000	0.146200	0.000000	0.179402	0.001200	0.000100	0.078800	0.004900	0.196779	0.012236	0.000000	0.002400	0.000000	0.000100	29.830700	0.078400	63.816817	0.167721	0.000000	0.001700	0.003400	0.000100	0.004021	0.000118	0.002400	0.000300	0.000000	0.017600	0.000000	0.029359	0.000000	0.000400	0.000000	0.004400	0.000000	0.007855	0.000000	0.000700	0.000000	0.000200	0.000700	0.000200	0.000871	0.000249	0.003000	0.000100	0.004052	0.000135
35	5894	68.997800	0.077000	0.000000	0.002900	0.562400	0.030000	1.062655	0.056685	0.000000	0.000200	0.012400	0.001000	0.013845	0.001117	0.000000	0.001200	0.199700	0.002800	0.279420	0.003918	0.000000	0.001200	0.000000	0.083400	0.000000	0.102449	0.000000	0.001000	0.000000	0.001272	0.000000	0.002200	0.000000	0.003216	0.000000	0.000500	0.000000	0.000626	0.152700	0.002300	0.218315	0.003288	0.000000	0.000500	0.135200	0.004000	0.162862	0.004818	0.005900	0.001500	0.006919	0.001759	0.000000	0.333100	0.000000	0.552380	0.004800	0.001200	0.006198	0.001549	0.000600	0.000200	0.000000	0.000200	0.000000	0.174800	0.000000	0.203887	0.000000	0.000400	0.000000	0.000509	0.000000	0.007200	0.000000	0.016498	0.000000	0.000200	0.000000	0.000215	0.000000	0.138800	0.000000	0.170321	0.000700	0.000100	0.069700	0.004600	0.174055	0.011487	0.000000	0.002300	0.000000	0.000100	29.805800	0.074700	63.763548	0.159806	0.000000	0.001600	0.002200	0.000100	0.002602	0.000118	0.002200	0.000300	0.045000	0.011400	0.075064	0.019016	0.000000	0.000300	0.000000	0.004000	0.000000	0.007141	0.000000	0.000600	0.000000	0.000200	0.000000	0.000300	0.000000	0.000373	0.003000	0.000100	0.004052	0.000135
36	5896	58.867800	0.076500	0.000000	0.002700	1.437000	0.032600	2.715212	0.061598	0.000000	0.000200	0.017900	0.001300	0.019985	0.001451	0.000000	0.001200	0.936300	0.004900	1.310071	0.006856	0.000000	0.001100	0.000000	0.077300	0.000000	0.094955	0.000000	0.001500	0.000000	0.001907	0.009400	0.001800	0.013739	0.002631	0.000000	0.000500	0.000000	0.000626	0.407800	0.003600	0.583032	0.005147	0.000000	0.000500	0.756800	0.005500	0.911641	0.006625	0.008300	0.002000	0.009733	0.002345	0.000000	0.198400	0.000000	0.329007	0.010600	0.001400	0.013687	0.001808	0.000800	0.000200	0.000000	0.000200	0.000000	0.161900	0.000000	0.188840	0.000900	0.000300	0.001145	0.000382	0.000000	0.004700	0.000000	0.010770	0.000000	0.000200	0.000000	0.000215	0.000000	0.128600	0.000000	0.157805	0.002100	0.000100	0.028200	0.004000	0.070421	0.009989	0.000000	0.002200	0.000000	0.000100	37.377000	0.075400	79.960616	0.161303	0.002500	0.000800	0.011300	0.000100	0.013363	0.000118	0.002100	0.000300	0.104800	0.012100	0.174817	0.020184	0.000000	0.000300	0.000000	0.004200	0.000000	0.007498	0.000000	0.000600	0.000500	0.000100	0.001300	0.000200	0.001618	0.000249	0.016600	0.000200	0.022423	0.000270
36	5897	82.547500	0.114400	0.000000	0.004500	0.000000	0.287400	0.000000	0.543042	0.000000	0.000400	0.004300	0.000600	0.004801	0.000670	0.000000	0.002300	0.240900	0.007300	0.337067	0.010214	0.000000	0.002200	0.000000	0.120600	0.000000	0.148145	0.000000	0.002100	0.000000	0.002670	0.000000	0.004800	0.000000	0.007016	0.002000	0.000700	0.002504	0.000876	0.158900	0.004300	0.227179	0.006148	0.000000	0.001100	0.130300	0.012200	0.156959	0.014696	0.000000	0.096100	0.000000	0.112696	0.000000	2.384700	0.000000	3.954548	0.012300	0.002900	0.015882	0.003744	0.001500	0.000300	0.000000	0.000500	0.008800	0.002800	0.010264	0.003266	0.000000	0.001000	0.000000	0.001273	0.000000	0.046900	0.000000	0.107467	0.000000	0.000500	0.000000	0.000539	0.000000	0.201100	0.000000	0.246770	0.000900	0.000100	0.169200	0.014900	0.422526	0.037208	0.000000	0.004400	0.000000	0.000300	16.703900	0.113800	35.734653	0.243452	0.000000	0.003100	0.005000	0.000200	0.005913	0.000237	0.004800	0.000600	0.000000	0.093800	0.000000	0.156468	0.000000	0.000700	0.000000	0.008700	0.000000	0.015531	0.000000	0.001500	0.000000	0.000400	0.000000	0.000700	0.000000	0.000871	0.009700	0.000300	0.013103	0.000405
37	5898	65.339700	0.160700	0.000000	0.004000	0.567300	0.075000	1.071913	0.141712	0.000000	0.000400	0.007900	0.000900	0.008820	0.001005	0.000000	0.002800	2.368000	0.020300	3.313306	0.028404	0.000000	0.002600	0.000000	0.112900	0.000000	0.138686	0.000000	0.003300	0.000000	0.004196	0.000000	0.006200	0.000000	0.009062	0.000000	0.001400	0.000000	0.001753	0.352400	0.007100	0.503826	0.010151	0.000000	0.001400	0.658100	0.015600	0.792747	0.018792	0.000000	0.090300	0.000000	0.105895	0.000000	1.022700	0.000000	1.695943	0.013600	0.003600	0.017560	0.004648	0.001700	0.000400	0.000000	0.000500	0.000000	0.238200	0.000000	0.277836	0.002700	0.000900	0.003436	0.001145	0.000000	0.021400	0.000000	0.049036	0.000000	0.000600	0.000000	0.000646	0.009900	0.003000	0.012148	0.003681	0.001800	0.000200	0.222300	0.016000	0.555128	0.039955	0.008900	0.002600	0.000700	0.000200	30.276400	0.155500	64.770303	0.332661	0.008000	0.001800	0.010500	0.000300	0.012417	0.000355	0.005200	0.000700	0.130100	0.028900	0.217020	0.048208	0.000000	0.000900	0.000000	0.010500	0.000000	0.018745	0.000000	0.001900	0.000000	0.000500	0.000000	0.000900	0.000000	0.001120	0.014700	0.000400	0.019857	0.000540
38	5899	77.112400	0.079700	0.000000	0.003700	0.728600	0.038700	1.376690	0.073124	0.000000	0.000200	0.005500	0.000700	0.006141	0.000782	0.000000	0.001400	1.236100	0.007200	1.729551	0.010074	0.000000	0.001400	0.000000	0.109700	0.000000	0.134755	0.000000	0.002100	0.000000	0.002670	0.035100	0.002600	0.051302	0.003800	0.000000	0.000600	0.000000	0.000751	0.545900	0.005100	0.780473	0.007291	0.000000	0.000600	0.413000	0.005800	0.497500	0.006987	0.000000	0.087000	0.000000	0.102025	0.000000	0.643500	0.000000	1.067116	0.008700	0.001800	0.011233	0.002324	0.001300	0.000200	0.000000	0.000300	0.000000	0.229000	0.000000	0.267106	0.001900	0.000400	0.002418	0.000509	0.000000	0.013800	0.000000	0.031621	0.000400	0.000100	0.000431	0.000108	0.000000	0.182300	0.000000	0.223700	0.002100	0.000100	0.057300	0.005400	0.143090	0.013485	0.000000	0.002600	0.000000	0.000200	19.646500	0.074600	42.029757	0.159592	0.000000	0.001900	0.010500	0.000200	0.012417	0.000237	0.003000	0.000400	0.180400	0.014400	0.300925	0.024021	0.000000	0.000400	0.000000	0.005300	0.000000	0.009462	0.000000	0.000800	0.000000	0.000200	0.001100	0.000300	0.001369	0.000373	0.010100	0.000200	0.013643	0.000270
39	5900	68.108400	0.074400	0.000000	0.002800	0.703000	0.029100	1.328318	0.054984	0.000000	0.000200	0.012500	0.001000	0.013956	0.001117	0.000000	0.001200	0.378200	0.003300	0.529177	0.004617	0.000000	0.001100	0.000000	0.081900	0.000000	0.100606	0.000000	0.001100	0.000000	0.001399	0.000000	0.002000	0.000000	0.002923	0.000000	0.000400	0.000000	0.000501	0.169900	0.002400	0.242906	0.003431	0.000000	0.000500	0.359900	0.004500	0.433536	0.005421	0.007200	0.001600	0.008443	0.001876	0.000000	0.270900	0.000000	0.449233	0.004700	0.001300	0.006069	0.001679	0.000800	0.000200	0.000000	0.000200	0.000000	0.172200	0.000000	0.200854	0.000000	0.000400	0.000000	0.000509	0.000000	0.006600	0.000000	0.015123	0.000000	0.000200	0.000000	0.000215	0.000000	0.136600	0.000000	0.167622	0.001300	0.000100	0.054200	0.004100	0.135348	0.010239	0.000000	0.002200	0.000000	0.000100	30.150600	0.072500	64.501179	0.155099	0.000000	0.001600	0.005000	0.000100	0.005913	0.000118	0.001800	0.000300	0.037000	0.011000	0.061720	0.018349	0.000000	0.000300	0.000000	0.003900	0.000000	0.006962	0.000000	0.000600	0.000000	0.000200	0.000600	0.000200	0.000747	0.000249	0.004900	0.000100	0.006619	0.000135
39	5901	59.492100	0.087200	0.000000	0.002200	3.261700	0.031400	6.162982	0.059330	0.000000	0.000100	0.030900	0.001900	0.034500	0.002121	0.004000	0.000500	10.235900	0.027200	14.322071	0.038058	0.001400	0.000500	0.013900	0.003800	0.017075	0.004668	0.000000	0.002100	0.000000	0.002670	0.092200	0.002300	0.134760	0.003362	0.000000	0.000400	0.000000	0.000501	1.263300	0.005900	1.806140	0.008435	0.000000	0.000400	0.672400	0.003500	0.809973	0.004216	0.000000	0.054200	0.000000	0.063560	2.765300	0.101300	4.585697	0.167986	0.033100	0.001500	0.042739	0.001937	0.000800	0.000100	0.000500	0.000100	0.000000	0.148600	0.000000	0.173327	0.004100	0.000300	0.005218	0.000382	0.016900	0.002700	0.038725	0.006187	0.000300	0.000100	0.000323	0.000108	0.000000	0.116000	0.000000	0.142344	0.002200	0.000100	0.165000	0.002400	0.412038	0.005993	0.000000	0.001700	0.000000	0.000100	21.446500	0.056500	45.880497	0.120870	0.000000	0.001200	0.026300	0.000200	0.031102	0.000237	0.000000	0.000400	0.412900	0.011300	0.688758	0.018850	0.000000	0.000300	0.000000	0.004400	0.000000	0.007855	0.000000	0.000500	0.001300	0.000100	0.002700	0.000200	0.003361	0.000249	0.054500	0.000300	0.073619	0.000405
40	5902	56.839500	0.075600	0.000000	0.002100	1.380500	0.022300	2.608455	0.042136	0.000000	0.000100	0.019700	0.001500	0.021995	0.001675	0.004000	0.000400	0.724300	0.003100	1.013441	0.004338	0.000000	0.000800	0.000000	0.065700	0.000000	0.080706	0.000000	0.000900	0.000000	0.001144	0.007400	0.001200	0.010816	0.001754	0.000000	0.000300	0.000000	0.000376	0.243700	0.002100	0.348418	0.003002	0.000000	0.000300	0.301600	0.002700	0.363307	0.003252	0.000000	0.052200	0.000000	0.061215	0.903400	0.074800	1.498108	0.124041	0.005700	0.001000	0.007360	0.001291	0.000000	0.000200	0.000000	0.000200	0.000000	0.139900	0.000000	0.163179	0.000000	0.000300	0.000000	0.000382	0.000000	0.002700	0.000000	0.006187	0.000000	0.000100	0.000000	0.000108	0.000000	0.109800	0.000000	0.134736	0.001200	0.000100	0.010900	0.002200	0.027219	0.005494	0.000000	0.001600	0.000000	0.000100	39.489100	0.068400	84.479032	0.146328	0.002600	0.000500	0.008700	0.000100	0.010289	0.000118	0.000000	0.000400	0.043700	0.008700	0.072896	0.014512	0.000000	0.000200	0.000000	0.003000	0.000000	0.005356	0.000000	0.000400	0.000500	0.000100	0.000500	0.000100	0.000622	0.000124	0.013200	0.000100	0.017831	0.000135
41	5903	74.019300	0.171200	0.000000	0.003100	1.535300	0.039000	2.900949	0.073690	0.000000	0.000200	0.015600	0.001000	0.017417	0.001117	0.000000	0.001300	2.871900	0.014900	4.018362	0.020848	0.000000	0.001200	0.000000	0.087600	0.000000	0.107608	0.000000	0.002000	0.000000	0.002543	0.021900	0.002200	0.032009	0.003216	0.001200	0.000300	0.001502	0.000376	0.595000	0.005200	0.850671	0.007434	0.000000	0.000500	0.791200	0.006500	0.953080	0.007830	0.000000	0.070900	0.000000	0.083144	0.772600	0.199700	1.281203	0.331163	0.015700	0.001700	0.020272	0.002195	0.000800	0.000200	0.000000	0.000300	0.000000	0.183400	0.000000	0.213918	0.002000	0.000300	0.002545	0.000382	0.000000	0.010600	0.000000	0.024289	0.000400	0.000100	0.000431	0.000108	0.000000	0.146300	0.000000	0.179525	0.003400	0.000100	0.628700	0.006600	1.569990	0.016482	0.000000	0.002400	0.000000	0.000100	18.546900	0.084900	39.677383	0.181627	0.000000	0.001700	0.018300	0.000200	0.021642	0.000237	0.002000	0.000300	0.145500	0.013200	0.242709	0.022019	0.000000	0.000400	0.000000	0.005100	0.000000	0.009105	0.000000	0.000700	0.000600	0.000100	0.001300	0.000200	0.001618	0.000249	0.010400	0.000200	0.014048	0.000270
42	5904	63.500800	0.102900	0.000000	0.002500	1.004900	0.025400	1.898759	0.047993	0.000000	0.000100	0.016000	0.001200	0.017864	0.001340	0.000000	0.001000	0.361700	0.002800	0.506091	0.003918	0.000000	0.001000	0.000000	0.074800	0.000000	0.091884	0.000000	0.001000	0.000000	0.001272	0.000000	0.001800	0.000000	0.002631	0.000000	0.000400	0.000000	0.000501	0.195400	0.002200	0.279363	0.003145	0.000000	0.000400	0.362500	0.003700	0.436667	0.004457	0.000000	0.059500	0.000000	0.069776	0.414300	0.111000	0.687034	0.184071	0.004100	0.001100	0.005294	0.001420	0.000400	0.000100	0.000000	0.000200	0.000000	0.157600	0.000000	0.183825	0.000000	0.000400	0.000000	0.000509	0.000000	0.004400	0.000000	0.010082	0.000000	0.000200	0.000000	0.000215	0.000000	0.125000	0.000000	0.153388	0.001300	0.000100	0.026800	0.003100	0.066925	0.007741	0.000000	0.001900	0.000000	0.000100	34.034900	0.082700	72.810862	0.176920	0.000000	0.001400	0.006300	0.000100	0.007450	0.000118	0.000000	0.000500	0.064600	0.009700	0.107759	0.016181	0.000000	0.000300	0.000000	0.003500	0.000000	0.006248	0.000000	0.000500	0.000300	0.000100	0.000600	0.000200	0.000747	0.000249	0.004900	0.000100	0.006619	0.000135
43	5905	57.339000	0.072400	0.000000	0.001900	1.554100	0.022400	2.936472	0.042325	0.000000	0.000100	0.029400	0.001500	0.032825	0.001675	0.004700	0.000400	0.215700	0.001900	0.301807	0.002658	0.000000	0.000800	0.000000	0.063400	0.000000	0.077881	0.000000	0.000800	0.000000	0.001017	0.000000	0.001500	0.000000	0.002192	0.000000	0.000300	0.000000	0.000376	0.156600	0.001700	0.223891	0.002430	0.000000	0.000300	0.530500	0.003200	0.639040	0.003855	0.008500	0.002400	0.009968	0.002814	1.003400	0.070200	1.663938	0.116413	0.003400	0.000900	0.004390	0.001162	0.000000	0.000200	0.000000	0.000200	0.000000	0.134800	0.000000	0.157231	0.000000	0.000300	0.000000	0.000382	0.000000	0.002500	0.000000	0.005729	0.000000	0.000100	0.000000	0.000108	0.000000	0.106100	0.000000	0.130195	0.002000	0.000100	0.000000	0.004300	0.000000	0.010738	0.000000	0.001600	0.000000	0.000100	39.143300	0.065500	83.739262	0.140124	0.000000	0.001100	0.005400	0.000100	0.006386	0.000118	0.000000	0.000400	0.000000	0.005700	0.000000	0.009508	0.000000	0.000200	0.000000	0.002800	0.000000	0.004999	0.000000	0.000400	0.000300	0.000100	0.000000	0.000200	0.000000	0.000249	0.003800	0.000100	0.005133	0.000135
44	5906	58.584300	0.083000	0.000000	0.002300	1.774100	0.025600	3.352162	0.048371	0.000000	0.000100	0.028600	0.001500	0.031932	0.001675	0.000000	0.000900	0.837800	0.003700	1.172250	0.005177	0.000000	0.000900	0.000000	0.070400	0.000000	0.086479	0.000000	0.001300	0.000000	0.001653	0.013100	0.001400	0.019147	0.002046	0.000000	0.000400	0.000000	0.000501	0.462600	0.003200	0.661379	0.004575	0.000000	0.000300	0.718200	0.004100	0.865144	0.004939	0.000000	0.056000	0.000000	0.065671	0.925700	0.084800	1.535088	0.140624	0.009600	0.001100	0.012396	0.001420	0.000400	0.000100	0.000000	0.000200	0.000000	0.149400	0.000000	0.174260	0.001100	0.000200	0.001400	0.000255	0.000000	0.003300	0.000000	0.007562	0.000600	0.000100	0.000646	0.000108	0.000000	0.118200	0.000000	0.145043	0.003000	0.000100	0.000000	0.005000	0.000000	0.012486	0.000000	0.001700	0.000000	0.000100	36.527900	0.072200	78.144136	0.154457	0.001800	0.000600	0.018200	0.000100	0.021523	0.000118	0.000000	0.000400	0.068600	0.009300	0.114432	0.015513	0.000000	0.000300	0.000000	0.003400	0.000000	0.006070	0.000000	0.000500	0.000600	0.000100	0.001000	0.000200	0.001245	0.000249	0.022700	0.000200	0.030663	0.000270
45	5907	85.201000	0.099300	0.000000	0.006000	0.418600	0.067200	0.790945	0.126974	0.000000	0.000400	0.005700	0.000600	0.006364	0.000670	0.000000	0.002300	3.285900	0.023900	4.597631	0.033441	0.000000	0.002100	0.000000	0.149100	0.000000	0.183154	0.000000	0.003900	0.000000	0.004959	0.050900	0.004500	0.074395	0.006577	0.000000	0.001100	0.000000	0.001377	0.826200	0.009900	1.181218	0.014154	0.000000	0.001100	0.603300	0.010700	0.726735	0.012889	0.002600	0.000900	0.003049	0.001055	0.000000	1.793200	0.000000	2.973664	0.023400	0.003100	0.030214	0.004003	0.001800	0.000300	0.000000	0.000400	0.000000	0.314800	0.000000	0.367183	0.002100	0.000700	0.002672	0.000891	0.000000	0.037500	0.000000	0.085927	0.001100	0.000300	0.001185	0.000323	0.000000	0.248800	0.000000	0.305302	0.003300	0.000200	0.252100	0.010300	0.629544	0.025721	0.000000	0.004100	0.000000	0.000300	9.000300	0.077200	19.254342	0.165154	0.000000	0.002900	0.021900	0.000300	0.025899	0.000355	0.004000	0.000600	0.270600	0.024800	0.451388	0.041369	0.000000	0.000700	0.000000	0.009900	0.000000	0.017673	0.000000	0.001400	0.000000	0.000400	0.002500	0.000500	0.003112	0.000622	0.022700	0.000400	0.030663	0.000540
46	5908	58.919300	0.072700	0.000000	0.002100	1.172300	0.020300	2.215061	0.038357	0.000000	0.000100	0.013200	0.001400	0.014738	0.001563	0.004500	0.000400	0.191000	0.001700	0.267247	0.002379	0.000000	0.000800	0.000000	0.063300	0.000000	0.077758	0.000000	0.000700	0.000000	0.000890	0.000000	0.001500	0.000000	0.002192	0.000000	0.000300	0.000000	0.000376	0.153300	0.001700	0.219173	0.002430	0.000000	0.000300	0.081100	0.002000	0.097693	0.002409	0.010600	0.002300	0.012431	0.002697	0.842100	0.069300	1.396454	0.114920	0.004300	0.000900	0.005552	0.001162	0.000000	0.000200	0.000000	0.000200	0.000000	0.135100	0.000000	0.157581	0.000000	0.000300	0.000000	0.000382	0.007300	0.001600	0.016727	0.003666	0.000000	0.000100	0.000000	0.000108	0.000000	0.106200	0.000000	0.130318	0.000200	0.000000	0.021100	0.002300	0.052691	0.005744	0.000000	0.001600	0.000200	0.000000	38.547800	0.065100	82.465309	0.139268	0.000000	0.001100	0.001200	0.000000	0.001419	0.000000	0.000000	0.000400	0.027800	0.008000	0.046373	0.013345	0.000000	0.000200	0.000000	0.002800	0.000000	0.004999	0.000000	0.000400	0.000200	0.000100	0.000400	0.000100	0.000498	0.000124	0.002200	0.000100	0.002972	0.000135
47	5909	62.476800	0.095900	0.000000	0.002500	0.717500	0.022300	1.355716	0.042136	0.000000	0.000100	0.017300	0.001200	0.019315	0.001340	0.000000	0.001000	0.135700	0.002000	0.189871	0.002798	0.000000	0.000900	0.000000	0.070300	0.000000	0.086357	0.000000	0.001000	0.000000	0.001272	0.000000	0.001700	0.000000	0.002485	0.000000	0.000400	0.000000	0.000501	0.195700	0.002200	0.279792	0.003145	0.000000	0.000400	0.225800	0.003100	0.271999	0.003734	0.006900	0.001900	0.008092	0.002228	0.489600	0.100700	0.811904	0.166991	0.005000	0.001100	0.006456	0.001420	0.000000	0.000300	0.000000	0.000200	0.022800	0.005600	0.026594	0.006532	0.000000	0.000400	0.000000	0.000509	0.000000	0.003900	0.000000	0.008936	0.000000	0.000200	0.000000	0.000215	0.000000	0.117000	0.000000	0.143571	0.001500	0.000100	0.040300	0.003000	0.100637	0.007492	0.000000	0.001800	0.000000	0.000100	35.607700	0.079800	76.175553	0.170716	0.000000	0.001300	0.005600	0.000100	0.006623	0.000118	0.000000	0.000500	0.047200	0.009400	0.078734	0.015680	0.000000	0.000300	0.000000	0.003300	0.000000	0.005891	0.000000	0.000500	0.000000	0.000200	0.000800	0.000200	0.000996	0.000249	0.003700	0.000100	0.004998	0.000135
48	5910	70.649900	0.079100	0.000000	0.002800	0.246700	0.027200	0.466140	0.051394	0.000000	0.000200	0.010700	0.001000	0.011947	0.001117	0.000000	0.001300	0.136000	0.002700	0.190291	0.003778	0.000000	0.001200	0.000000	0.079700	0.000000	0.097903	0.000000	0.001300	0.000000	0.001653	0.000000	0.002300	0.000000	0.003362	0.001500	0.000300	0.001878	0.000376	0.200500	0.002800	0.286655	0.004003	0.000000	0.000500	0.096100	0.004200	0.115762	0.005059	0.000000	0.064000	0.000000	0.075053	0.000000	0.339400	0.000000	0.562827	0.005300	0.001400	0.006843	0.001808	0.001000	0.000200	0.000000	0.000200	0.000000	0.166600	0.000000	0.194322	0.000000	0.000500	0.000000	0.000636	0.000000	0.008400	0.000000	0.019248	0.000000	0.000200	0.000000	0.000215	0.000000	0.132400	0.000000	0.162468	0.001200	0.000100	0.147400	0.005100	0.368087	0.012736	0.000000	0.002400	0.000000	0.000100	28.441800	0.077000	60.845543	0.164726	0.000000	0.001700	0.003800	0.000100	0.004494	0.000118	0.002600	0.000300	0.051100	0.012700	0.085240	0.021185	0.000000	0.000400	0.000000	0.004500	0.000000	0.008033	0.000000	0.000700	0.000000	0.000200	0.000900	0.000200	0.001120	0.000249	0.003600	0.000100	0.004863	0.000135
48	5911	76.690800	0.102400	0.000000	0.004000	0.189200	0.044300	0.357493	0.083705	0.000000	0.000300	0.006000	0.000700	0.006699	0.000782	0.000000	0.001800	0.475500	0.006000	0.665320	0.008395	0.000000	0.001700	0.000000	0.107100	0.000000	0.131562	0.000000	0.001900	0.000000	0.002416	0.000000	0.003500	0.000000	0.005116	0.000000	0.000800	0.000000	0.001001	0.238100	0.004100	0.340412	0.005862	0.000000	0.000800	0.193600	0.007900	0.233211	0.009516	0.000000	0.085300	0.000000	0.100031	0.000000	1.033400	0.000000	1.713687	0.000000	0.075500	0.000000	0.097486	0.001600	0.000300	0.000000	0.000300	0.000000	0.228100	0.000000	0.266056	0.000000	0.000800	0.000000	0.001018	0.000000	0.020800	0.000000	0.047661	0.000000	0.000300	0.000000	0.000323	0.000000	0.180200	0.000000	0.221123	0.001500	0.000100	0.266600	0.009300	0.665754	0.023224	0.000000	0.003300	0.000000	0.000200	21.837300	0.096700	46.716536	0.206870	0.000000	0.002400	0.008200	0.000200	0.009697	0.000237	0.004100	0.000500	0.080900	0.017300	0.134949	0.028858	0.000000	0.000500	0.000000	0.006300	0.000000	0.011247	0.000000	0.001100	0.000400	0.000100	0.000000	0.000600	0.000000	0.000747	0.005900	0.000200	0.007970	0.000270
49	5912	56.933600	0.072700	0.000000	0.002000	1.298300	0.021300	2.453138	0.040246	0.000000	0.000100	0.028200	0.001600	0.031485	0.001786	0.004300	0.000400	0.132300	0.001600	0.185114	0.002239	0.000000	0.000800	0.000000	0.063100	0.000000	0.077512	0.000000	0.000900	0.000000	0.001144	0.000000	0.001400	0.000000	0.002046	0.000000	0.000300	0.000000	0.000376	0.225100	0.002000	0.321825	0.002859	0.000000	0.000300	0.512900	0.003200	0.617839	0.003855	0.000000	0.050400	0.000000	0.059104	0.888200	0.069900	1.472902	0.115915	0.005600	0.000900	0.007231	0.001162	0.000000	0.000200	0.000000	0.000200	0.000000	0.133500	0.000000	0.155714	0.000000	0.000300	0.000000	0.000382	0.000000	0.002400	0.000000	0.005499	0.000000	0.000100	0.000000	0.000108	0.020000	0.005300	0.024542	0.006504	0.002300	0.000100	0.000000	0.004000	0.000000	0.009989	0.000000	0.001600	0.000200	0.000000	39.909300	0.066300	85.377965	0.141836	0.000000	0.001100	0.007500	0.000100	0.008870	0.000118	0.000000	0.000400	0.025600	0.008300	0.042703	0.013845	0.000000	0.000200	0.000000	0.003000	0.000000	0.005356	0.000000	0.000400	0.000400	0.000100	0.001000	0.000100	0.001245	0.000124	0.005300	0.000100	0.007159	0.000135
50	5913	57.938300	0.073200	0.000000	0.002100	1.567500	0.022700	2.961791	0.042892	0.000000	0.000100	0.023600	0.001500	0.026349	0.001675	0.004400	0.000400	0.179000	0.001800	0.250457	0.002519	0.000000	0.000800	0.000000	0.064100	0.000000	0.078740	0.000000	0.000800	0.000000	0.001017	0.000000	0.001500	0.000000	0.002192	0.000000	0.000300	0.000000	0.000376	0.210800	0.001900	0.301381	0.002716	0.000000	0.000300	0.749400	0.003800	0.902727	0.004577	0.000000	0.051200	0.000000	0.060042	0.852200	0.071600	1.413203	0.118734	0.005100	0.000900	0.006585	0.001162	0.000000	0.000200	0.000000	0.000200	0.000000	0.136700	0.000000	0.159447	0.000000	0.000300	0.000000	0.000382	0.000000	0.002500	0.000000	0.005729	0.000000	0.000100	0.000000	0.000108	0.000000	0.106700	0.000000	0.130932	0.002300	0.000100	0.000000	0.004500	0.000000	0.011237	0.000000	0.001600	0.000200	0.000000	38.431100	0.065600	82.215652	0.140338	0.001700	0.000500	0.004700	0.000100	0.005558	0.000118	0.000000	0.000400	0.025000	0.008000	0.041703	0.013345	0.000000	0.000200	0.000000	0.002900	0.000000	0.005177	0.000000	0.000400	0.000300	0.000100	0.000400	0.000100	0.000498	0.000124	0.004000	0.000100	0.005403	0.000135
51	5914	74.113100	0.073900	0.000000	0.003300	1.194400	0.040500	2.256819	0.076525	0.000000	0.000200	0.010000	0.001000	0.011165	0.001117	0.000000	0.001400	4.483900	0.018600	6.273873	0.026025	0.002600	0.000700	0.000000	0.091700	0.000000	0.112644	0.000000	0.002600	0.000000	0.003306	0.041200	0.002700	0.060218	0.003946	0.000000	0.000600	0.000000	0.000751	0.909600	0.006800	1.300455	0.009722	0.000000	0.000600	0.695800	0.006200	0.838161	0.007469	0.000000	0.073300	0.000000	0.085959	0.000000	0.406400	0.000000	0.673933	0.024000	0.001900	0.030989	0.002453	0.000900	0.000200	0.000000	0.000300	0.000000	0.193400	0.000000	0.225582	0.003100	0.000400	0.003945	0.000509	0.000000	0.011400	0.000000	0.026122	0.000000	0.000300	0.000000	0.000323	0.000000	0.153700	0.000000	0.188605	0.002700	0.000100	0.971900	0.008200	2.427029	0.020477	0.000000	0.002700	0.000000	0.000200	17.271500	0.067800	36.948920	0.145045	0.003100	0.001000	0.021400	0.000200	0.025308	0.000237	0.002400	0.000400	0.220000	0.015100	0.366982	0.025188	0.000000	0.000400	0.000000	0.005800	0.000000	0.010354	0.000000	0.000800	0.001000	0.000100	0.002400	0.000300	0.002988	0.000373	0.025000	0.000300	0.033770	0.000405
52	5915	58.910000	0.119100	0.000000	0.002600	2.524100	0.034500	4.769287	0.065188	0.000300	0.000100	0.023100	0.001500	0.025791	0.001675	0.000000	0.001000	4.485500	0.016400	6.276112	0.022947	0.000000	0.000900	0.000000	0.075600	0.000000	0.092867	0.000000	0.001900	0.000000	0.002416	0.034400	0.001800	0.050279	0.002631	0.000000	0.000400	0.000000	0.000501	0.933800	0.005500	1.335054	0.007863	0.000000	0.000400	0.815500	0.004900	0.982351	0.005903	0.000000	0.060000	0.000000	0.070362	6.316400	0.147400	10.474486	0.244433	0.018900	0.001400	0.024404	0.001808	0.000000	0.000300	0.000000	0.000200	0.000000	0.161000	0.000000	0.187790	0.003300	0.000300	0.004200	0.000382	0.000000	0.005200	0.000000	0.011915	0.000500	0.000100	0.000539	0.000108	0.000000	0.126600	0.000000	0.155351	0.003200	0.000100	1.742400	0.008900	4.351121	0.022225	0.000000	0.001900	0.000000	0.000100	23.917700	0.075900	51.167136	0.162373	0.000000	0.001300	0.023600	0.000200	0.027909	0.000237	0.000000	0.000500	0.234500	0.011100	0.391169	0.018516	0.000000	0.000300	0.000000	0.004200	0.000000	0.007498	0.000000	0.000600	0.000700	0.000100	0.001600	0.000200	0.001992	0.000249	0.010400	0.000100	0.014048	0.000135
52	5916	69.986400	0.075100	0.000000	0.002900	0.620600	0.030500	1.172624	0.057630	0.000000	0.000200	0.011000	0.001000	0.012281	0.001117	0.000000	0.001200	0.150600	0.002700	0.210720	0.003778	0.000000	0.001100	0.000000	0.084700	0.000000	0.104045	0.000000	0.001200	0.000000	0.001526	0.000000	0.002200	0.000000	0.003216	0.000000	0.000500	0.000000	0.000626	0.250100	0.002900	0.357568	0.004146	0.000000	0.000500	0.620300	0.005400	0.747213	0.006505	0.000000	0.067500	0.000000	0.079157	0.000000	0.322800	0.000000	0.535299	0.006100	0.001300	0.007876	0.001679	0.001000	0.000200	0.000000	0.000200	0.000000	0.175400	0.000000	0.204587	0.000000	0.000500	0.000000	0.000636	0.000000	0.007100	0.000000	0.016269	0.000000	0.000200	0.000000	0.000215	0.000000	0.140400	0.000000	0.172285	0.002200	0.000100	0.082600	0.004400	0.206269	0.010988	0.000000	0.002200	0.000000	0.000100	28.210000	0.072700	60.349653	0.155527	0.000000	0.001600	0.004200	0.000100	0.004967	0.000118	0.002000	0.000300	0.049500	0.011400	0.082571	0.019016	0.000000	0.000300	0.000000	0.004100	0.000000	0.007319	0.000000	0.000600	0.000000	0.000200	0.000600	0.000200	0.000747	0.000249	0.002700	0.000100	0.003647	0.000135
52	5917	77.464500	0.077800	0.000000	0.004200	0.683100	0.049200	1.290717	0.092963	0.000000	0.000300	0.008500	0.000800	0.009490	0.000893	0.000000	0.001900	6.804900	0.034000	9.521416	0.047573	0.003000	0.000900	0.000000	0.121700	0.000000	0.149496	0.000000	0.003300	0.000000	0.004196	0.022800	0.003100	0.033324	0.004531	0.000000	0.000900	0.000000	0.001127	0.820300	0.008100	1.172783	0.011581	0.000000	0.000800	0.629700	0.007600	0.758537	0.009155	0.000000	0.096900	0.000000	0.113635	0.000000	0.593500	0.000000	0.984201	0.018800	0.002500	0.024275	0.003228	0.001700	0.000300	0.000000	0.000400	0.000000	0.254800	0.000000	0.297199	0.003100	0.000600	0.003945	0.000764	0.000000	0.017000	0.000000	0.038954	0.000700	0.000200	0.000754	0.000215	0.000000	0.202700	0.000000	0.248733	0.003000	0.000100	4.293200	0.025700	10.720979	0.064178	0.000000	0.003400	0.000000	0.000200	8.963500	0.058500	19.175616	0.125149	0.000000	0.002500	0.034200	0.000400	0.040445	0.000473	0.004000	0.000500	0.222700	0.019100	0.371486	0.031861	0.000000	0.000600	0.000000	0.007700	0.000000	0.013746	0.000000	0.001100	0.000800	0.000200	0.001400	0.000400	0.001743	0.000498	0.016000	0.000300	0.021613	0.000405
52	5918	80.381500	0.100500	0.000000	0.004100	0.000000	0.197100	0.000000	0.372420	0.000000	0.000300	0.004100	0.000600	0.004578	0.000670	0.000000	0.002000	0.148300	0.005400	0.207501	0.007556	0.000000	0.001900	0.004300	0.001300	0.005282	0.001597	0.000000	0.002000	0.000000	0.002543	0.000000	0.003800	0.000000	0.005554	0.000000	0.000800	0.000000	0.001001	0.217200	0.004300	0.310531	0.006148	0.000000	0.000900	0.269500	0.009700	0.324640	0.011685	0.003000	0.001000	0.003518	0.001173	0.000000	1.548800	0.000000	2.568375	0.000000	0.107600	0.000000	0.138933	0.002100	0.000300	0.000000	0.000400	0.008900	0.002900	0.010381	0.003383	0.000000	0.000800	0.000000	0.001018	0.000000	0.028900	0.000000	0.066221	0.000000	0.000400	0.000000	0.000431	0.007100	0.002200	0.008712	0.002700	0.001700	0.000100	0.209400	0.011000	0.522914	0.027469	0.000000	0.003700	0.000000	0.000200	18.727100	0.100400	40.062885	0.214786	0.004500	0.001400	0.003800	0.000100	0.004494	0.000118	0.004200	0.000500	0.000000	0.063800	0.000000	0.106425	0.000000	0.000600	0.000000	0.007000	0.000000	0.012496	0.000000	0.001200	0.000000	0.000300	0.000000	0.000600	0.000000	0.000747	0.003400	0.000200	0.004593	0.000270
52	5919	56.803100	0.099700	0.000000	0.002400	2.678600	0.033100	5.061215	0.062542	0.000500	0.000100	0.030600	0.001800	0.034165	0.002010	0.004200	0.000700	2.420800	0.009100	3.387183	0.012733	0.000000	0.000900	0.000000	0.074700	0.000000	0.091761	0.000000	0.003200	0.000000	0.004069	0.084800	0.002500	0.123944	0.003654	0.004100	0.000300	0.005132	0.000376	2.721900	0.011400	3.891500	0.016299	0.000000	0.000400	0.657500	0.004400	0.792024	0.005300	0.000000	0.059500	0.000000	0.069776	1.071000	0.109800	1.776039	0.182081	0.156800	0.002600	0.202460	0.003357	0.000000	0.000300	0.001200	0.000100	0.000000	0.159000	0.000000	0.185458	0.002800	0.000300	0.003563	0.000382	0.061300	0.002900	0.140463	0.006645	0.000800	0.000100	0.000862	0.000108	0.000000	0.124500	0.000000	0.152774	0.002300	0.000100	0.020500	0.003000	0.051193	0.007492	0.000000	0.001800	0.000000	0.000100	31.586600	0.081600	67.573213	0.174567	0.002800	0.000800	0.027100	0.000200	0.032048	0.000237	0.000000	0.000500	1.337400	0.017000	2.230917	0.028358	0.000000	0.000300	0.017800	0.004400	0.031777	0.007855	0.000000	0.000600	0.004600	0.000100	0.003900	0.000300	0.004855	0.000373	0.297100	0.001100	0.401323	0.001486
53	5920	63.238200	0.099900	0.000000	0.002400	0.905300	0.024400	1.710564	0.046104	0.000000	0.000100	0.015200	0.001200	0.016971	0.001340	0.000000	0.000900	0.175100	0.002100	0.245000	0.002938	0.000000	0.000900	0.000000	0.070200	0.000000	0.086234	0.000000	0.001000	0.000000	0.001272	0.000000	0.001700	0.000000	0.002485	0.000000	0.000400	0.000000	0.000501	0.241200	0.002400	0.344844	0.003431	0.000000	0.000400	0.485400	0.003900	0.584713	0.004698	0.006300	0.002000	0.007388	0.002345	0.488800	0.108500	0.810577	0.179926	0.007800	0.001100	0.010071	0.001420	0.000000	0.000300	0.000000	0.000200	0.000000	0.147900	0.000000	0.172511	0.000000	0.000400	0.000000	0.000509	0.000000	0.003900	0.000000	0.008936	0.000300	0.000100	0.000323	0.000108	0.000000	0.117200	0.000000	0.143816	0.002000	0.000100	0.026400	0.003000	0.065926	0.007492	0.000000	0.001800	0.000000	0.000100	34.361000	0.080400	73.508487	0.172000	0.002100	0.000600	0.004400	0.000100	0.005203	0.000118	0.000000	0.000500	0.035500	0.009300	0.059218	0.015513	0.000000	0.000300	0.000000	0.003400	0.000000	0.006070	0.000000	0.000500	0.000400	0.000100	0.000500	0.000100	0.000622	0.000124	0.004000	0.000100	0.005403	0.000135
54	5921	76.639500	0.075500	0.000000	0.003400	1.026200	0.043100	1.939005	0.081437	0.000000	0.000200	0.010300	0.001000	0.011500	0.001117	0.000000	0.001600	6.592300	0.028600	9.223946	0.040017	0.000000	0.001500	0.006400	0.001900	0.007862	0.002334	0.000000	0.002800	0.000000	0.003560	0.076300	0.003500	0.111520	0.005116	0.001300	0.000400	0.001627	0.000501	0.853900	0.007200	1.220821	0.010294	0.000000	0.000600	0.552000	0.006000	0.664939	0.007228	0.000000	0.079100	0.000000	0.092761	0.000000	0.459300	0.000000	0.761657	0.023500	0.002200	0.030343	0.002841	0.001300	0.000200	0.000000	0.000300	0.000000	0.212400	0.000000	0.247743	0.002600	0.000500	0.003309	0.000636	0.000000	0.013700	0.000000	0.031392	0.000000	0.000300	0.000000	0.000323	0.000000	0.167400	0.000000	0.205417	0.002300	0.000100	0.260500	0.005600	0.650521	0.013984	0.000000	0.003000	0.000000	0.000200	13.610400	0.065300	29.116729	0.139696	0.000000	0.002200	0.016800	0.000200	0.019868	0.000237	0.002400	0.000400	0.305300	0.018000	0.509271	0.030026	0.000000	0.000500	0.000000	0.007100	0.000000	0.012675	0.000000	0.000900	0.000500	0.000100	0.002400	0.000300	0.002988	0.000373	0.013900	0.000200	0.018776	0.000270
54	5922	92.282200	0.155700	0.000000	0.006600	1.163500	0.147900	2.198433	0.279457	0.000000	0.000600	0.002700	0.000400	0.003015	0.000447	0.000000	0.003700	1.276600	0.017800	1.786219	0.024906	0.000000	0.002900	0.000000	0.164400	0.000000	0.201949	0.000000	0.003200	0.000000	0.004069	0.000000	0.007200	0.000000	0.010524	0.000000	0.001600	0.000000	0.002003	0.127400	0.005100	0.182144	0.007291	0.000000	0.001700	0.175400	0.017200	0.211287	0.020719	0.000000	0.130600	0.000000	0.153155	0.000000	5.380700	0.000000	8.922815	0.000000	0.346000	0.000000	0.446755	0.002200	0.000500	0.000000	0.000600	0.006500	0.002000	0.007582	0.002333	0.000000	0.001700	0.000000	0.002163	0.000000	0.115100	0.000000	0.263740	0.000000	0.000700	0.000000	0.000754	0.000000	0.272600	0.000000	0.334507	0.001800	0.000200	3.722900	0.045500	9.296826	0.113623	0.000000	0.005800	0.000000	0.000400	0.998500	0.055100	2.136091	0.117875	0.009400	0.002300	0.226600	0.002500	0.267977	0.002957	0.000000	0.001700	0.000000	0.202600	0.000000	0.337957	0.000000	0.001400	0.000000	0.012200	0.000000	0.021779	0.000000	0.002300	0.000000	0.000500	0.000000	0.001200	0.000000	0.001494	0.004400	0.000500	0.005944	0.000675
55	5925	67.712200	0.134400	0.000000	0.003100	1.978800	0.036000	3.738943	0.068022	0.000000	0.000200	0.018700	0.001300	0.020879	0.001451	0.000000	0.001500	7.023000	0.028100	9.826582	0.039318	0.000000	0.001100	0.000000	0.086400	0.000000	0.106134	0.000000	0.002200	0.000000	0.002797	0.017000	0.001900	0.024847	0.002777	0.001000	0.000300	0.001252	0.000376	0.862900	0.006000	1.233688	0.008578	0.000000	0.000500	0.714300	0.005100	0.860446	0.006143	0.000000	0.069300	0.000000	0.081268	2.050300	0.160300	3.400012	0.265825	0.022400	0.001600	0.028923	0.002066	0.000000	0.000300	0.000000	0.000200	0.000000	0.182500	0.000000	0.212868	0.003100	0.000300	0.003945	0.000382	0.000000	0.007900	0.000000	0.018102	0.000500	0.000100	0.000539	0.000108	0.000000	0.143900	0.000000	0.176580	0.003900	0.000100	1.160500	0.007700	2.898001	0.019228	0.000000	0.002100	0.000000	0.000100	17.978300	0.071300	38.460977	0.152532	0.000000	0.001500	0.245200	0.001100	0.289974	0.001301	0.001500	0.000400	0.190800	0.012300	0.318273	0.020518	0.000000	0.000600	0.000000	0.004700	0.000000	0.008390	0.000000	0.000700	0.000600	0.000100	0.001700	0.000200	0.002116	0.000249	0.013300	0.000300	0.017966	0.000405
56	5926	65.560400	0.122600	0.000000	0.002600	1.792100	0.032900	3.386173	0.062165	0.000000	0.000200	0.021000	0.001300	0.023447	0.001451	0.000000	0.001100	2.509300	0.010400	3.511013	0.014552	0.000000	0.001000	0.000000	0.075400	0.000000	0.092621	0.000000	0.001500	0.000000	0.001907	0.016400	0.001700	0.023970	0.002485	0.001100	0.000300	0.001377	0.000376	0.455800	0.003800	0.651657	0.005433	0.000000	0.000400	0.800200	0.005400	0.963921	0.006505	0.000000	0.060400	0.000000	0.070831	2.037600	0.142300	3.378952	0.235976	0.014600	0.001400	0.018852	0.001808	0.000700	0.000100	0.000000	0.000200	0.000000	0.158700	0.000000	0.185108	0.001100	0.000300	0.001400	0.000382	0.000000	0.006000	0.000000	0.013748	0.000400	0.000100	0.000431	0.000108	0.000000	0.125300	0.000000	0.153756	0.002800	0.000100	0.178400	0.003900	0.445500	0.009739	0.000000	0.002000	0.000000	0.000100	26.467800	0.083000	56.622565	0.177562	0.002300	0.000700	0.011700	0.000100	0.013836	0.000118	0.000000	0.000500	0.117500	0.011200	0.196002	0.018683	0.000000	0.000300	0.000000	0.004100	0.000000	0.007319	0.000000	0.000600	0.000300	0.000100	0.001400	0.000200	0.001743	0.000249	0.007100	0.000100	0.009591	0.000135
56	5927	89.696900	0.188800	0.000000	0.007900	0.674300	0.167800	1.274090	0.317058	0.000000	0.000800	0.003000	0.000400	0.003350	0.000447	0.000000	0.004100	3.366100	0.043200	4.709847	0.060445	0.000000	0.003700	0.000000	0.187000	0.000000	0.229711	0.000000	0.005500	0.000000	0.006993	0.023900	0.007200	0.034932	0.010524	0.000000	0.002300	0.000000	0.002879	0.481700	0.011900	0.688686	0.017013	0.000000	0.002300	0.414300	0.022300	0.499066	0.026863	0.002000	0.000600	0.002345	0.000704	0.000000	4.419900	0.000000	7.329520	0.000000	0.305700	0.000000	0.394720	0.003600	0.000600	0.000000	0.000800	0.009200	0.001900	0.010731	0.002216	0.000000	0.002300	0.000000	0.002927	0.000000	0.101000	0.000000	0.231431	0.000000	0.000900	0.000000	0.000969	0.000000	0.308700	0.000000	0.378806	0.003000	0.000300	0.674400	0.027200	1.684112	0.067924	0.000000	0.007100	0.000000	0.000600	4.428700	0.096200	9.474318	0.205801	0.008900	0.002800	0.016300	0.000500	0.019276	0.000591	0.005600	0.001000	0.171400	0.042800	0.285912	0.071395	0.000000	0.001200	0.000000	0.016100	0.000000	0.028742	0.000000	0.003100	0.000000	0.000700	0.000000	0.001700	0.000000	0.002116	0.016700	0.000600	0.022558	0.000810
56	5928	63.895500	0.086900	0.000000	0.002500	1.139500	0.022800	2.153085	0.043081	0.000000	0.000100	0.021400	0.001200	0.023893	0.001340	0.001800	0.000400	0.113400	0.001800	0.158669	0.002519	0.000000	0.000800	0.000000	0.074700	0.000000	0.091761	0.000000	0.000900	0.000000	0.001144	0.000000	0.001600	0.000000	0.002339	0.000000	0.000300	0.000000	0.000376	0.213200	0.002100	0.304812	0.003002	0.000000	0.000300	0.579600	0.003700	0.698186	0.004457	0.000000	0.059700	0.000000	0.070010	0.924200	0.090900	1.532601	0.150739	0.005700	0.001000	0.007360	0.001291	0.000000	0.000200	0.000000	0.000200	0.023200	0.005500	0.027060	0.006415	0.000000	0.000300	0.000000	0.000382	0.000000	0.003400	0.000000	0.007791	0.000000	0.000100	0.000000	0.000108	0.000000	0.124800	0.000000	0.153142	0.002600	0.000100	0.022500	0.002400	0.056187	0.005993	0.000000	0.001700	0.000000	0.000100	33.012400	0.069900	70.623427	0.149537	0.000000	0.001200	0.005300	0.000100	0.006268	0.000118	0.000000	0.000400	0.035600	0.008400	0.059384	0.014012	0.000000	0.000200	0.000000	0.003000	0.000000	0.005356	0.000000	0.000500	0.000000	0.000100	0.000500	0.000100	0.000622	0.000124	0.003400	0.000100	0.004593	0.000135
57	5930	74.172400	0.178700	0.000000	0.002800	1.662500	0.039600	3.141294	0.074824	0.000000	0.000200	0.016900	0.001100	0.018869	0.001228	0.000000	0.001200	2.699500	0.014300	3.777140	0.020009	0.000000	0.001200	0.000000	0.077800	0.000000	0.095570	0.000000	0.001600	0.000000	0.002034	0.006300	0.001800	0.009208	0.002631	0.000000	0.000500	0.000000	0.000626	0.366400	0.003800	0.523842	0.005433	0.000000	0.000500	0.467000	0.005100	0.562548	0.006143	0.000000	0.062300	0.000000	0.073059	3.730100	0.208000	6.185625	0.344926	0.008200	0.001500	0.010588	0.001937	0.000000	0.000300	0.000000	0.000200	0.000000	0.165400	0.000000	0.192923	0.001400	0.000300	0.001782	0.000382	0.037400	0.003600	0.085698	0.008249	0.000400	0.000100	0.000431	0.000108	0.000000	0.130900	0.000000	0.160627	0.002200	0.000100	1.883300	0.012500	4.702977	0.031215	0.000000	0.002300	0.000000	0.000100	14.807500	0.073900	31.677685	0.158094	0.002900	0.000800	0.013400	0.000200	0.015847	0.000237	0.000900	0.000300	0.110100	0.012300	0.183658	0.020518	0.000000	0.000400	0.000000	0.004500	0.000000	0.008033	0.000000	0.000600	0.000000	0.000200	0.000700	0.000200	0.000871	0.000249	0.010400	0.000200	0.014048	0.000270
57	5931	60.250100	0.084600	0.000000	0.002300	1.108200	0.022500	2.093944	0.042514	0.000000	0.000100	0.019800	0.001300	0.022107	0.001451	0.001400	0.000400	0.102000	0.001700	0.142718	0.002379	0.000000	0.000900	0.000000	0.067600	0.000000	0.083040	0.000000	0.000900	0.000000	0.001144	0.000000	0.001600	0.000000	0.002339	0.000000	0.000300	0.000000	0.000376	0.190300	0.002000	0.272072	0.002859	0.000000	0.000300	0.544800	0.003600	0.656266	0.004337	0.000000	0.053700	0.000000	0.062974	1.065600	0.088100	1.767084	0.146096	0.006800	0.001000	0.008780	0.001291	0.000000	0.000200	0.000000	0.000200	0.000000	0.142100	0.000000	0.165745	0.000000	0.000300	0.000000	0.000382	0.000000	0.003000	0.000000	0.006874	0.000000	0.000100	0.000000	0.000108	0.000000	0.112800	0.000000	0.138417	0.001800	0.000100	0.032800	0.002500	0.081908	0.006243	0.000000	0.001700	0.000000	0.000100	36.667900	0.072500	78.443638	0.155099	0.000000	0.001200	0.003900	0.000100	0.004612	0.000118	0.000000	0.000400	0.000000	0.007400	0.000000	0.012344	0.000000	0.000200	0.000000	0.003200	0.000000	0.005713	0.000000	0.000400	0.000200	0.000100	0.000600	0.000100	0.000747	0.000124	0.003500	0.000100	0.004728	0.000135
58	5932	68.400100	0.152400	0.000000	0.003200	1.096400	0.034100	2.071648	0.064432	0.000000	0.000200	0.016000	0.001000	0.017864	0.001117	0.000000	0.001300	2.315300	0.011800	3.239568	0.016511	0.002100	0.000600	0.000000	0.088300	0.000000	0.108468	0.000000	0.001800	0.000000	0.002289	0.000000	0.002500	0.000000	0.003654	0.000000	0.000500	0.000000	0.000626	0.421300	0.004200	0.602333	0.006005	0.000000	0.000500	0.829600	0.006700	0.999336	0.008071	0.000000	0.070400	0.000000	0.082558	1.091300	0.178100	1.809703	0.295343	0.010300	0.001500	0.013299	0.001937	0.000900	0.000200	0.000000	0.000300	0.014600	0.004800	0.017029	0.005599	0.001500	0.000300	0.001909	0.000382	0.000000	0.008400	0.000000	0.019248	0.000600	0.000100	0.000646	0.000108	0.000000	0.148400	0.000000	0.182102	0.003600	0.000100	0.829300	0.007700	2.070928	0.019228	0.000000	0.002400	0.000000	0.000100	24.837200	0.096500	53.134222	0.206442	0.003100	0.000800	0.016900	0.000200	0.019986	0.000237	0.002400	0.000300	0.092900	0.013100	0.154966	0.021852	0.000000	0.000400	0.000000	0.004900	0.000000	0.008747	0.000000	0.000700	0.000600	0.000100	0.001000	0.000200	0.001245	0.000249	0.013000	0.000200	0.017560	0.000270
59	5933	79.468600	0.105300	0.000000	0.005800	0.208500	0.067500	0.393961	0.127541	0.000000	0.000500	0.002600	0.000700	0.002903	0.000782	0.000000	0.003600	9.607400	0.067800	13.442674	0.094866	0.000000	0.002500	0.000000	0.158800	0.000000	0.195070	0.000000	0.003300	0.000000	0.004196	0.000000	0.006800	0.000000	0.009939	0.000000	0.001500	0.000000	0.001878	0.319600	0.006800	0.456932	0.009722	0.000000	0.001500	0.204200	0.010300	0.245979	0.012407	0.000000	0.124600	0.000000	0.146118	0.000000	0.814300	0.000000	1.350354	0.000000	0.068900	0.000000	0.088964	0.000000	0.000800	0.000000	0.000500	0.010200	0.003200	0.011897	0.003732	0.000000	0.001400	0.000000	0.001782	0.000000	0.028300	0.000000	0.064847	0.000000	0.000600	0.000000	0.000646	0.007500	0.002400	0.009203	0.002945	0.000000	0.000400	7.303000	0.058000	18.237052	0.144838	0.000000	0.004900	0.000000	0.000400	2.528600	0.044400	5.409434	0.094985	0.006000	0.001900	0.313800	0.002800	0.371100	0.003311	0.009100	0.001000	0.000000	0.039500	0.000000	0.065890	0.007400	0.000600	0.000000	0.011100	0.000000	0.019816	0.000000	0.001900	0.000000	0.000500	0.000000	0.001000	0.000000	0.001245	0.003500	0.000500	0.004728	0.000675
60	5934	65.772500	0.123500	0.000000	0.002600	0.811000	0.027400	1.532385	0.051772	0.000000	0.000200	0.014200	0.001100	0.015854	0.001228	0.000000	0.001100	0.389000	0.003400	0.544289	0.004757	0.000000	0.001100	0.000000	0.076700	0.000000	0.094218	0.000000	0.001100	0.000000	0.001399	0.000000	0.002000	0.000000	0.002923	0.000000	0.000400	0.000000	0.000501	0.212400	0.002600	0.303668	0.003717	0.000000	0.000400	0.558300	0.005000	0.672528	0.006023	0.000000	0.061300	0.000000	0.071887	0.617700	0.138700	1.024332	0.230006	0.005800	0.001200	0.007489	0.001549	0.000700	0.000200	0.000000	0.000200	0.019000	0.005100	0.022162	0.005949	0.000000	0.000400	0.000000	0.000509	0.000000	0.005500	0.000000	0.012603	0.000000	0.000200	0.000000	0.000215	0.000000	0.126900	0.000000	0.155719	0.002100	0.000100	0.197200	0.004400	0.492448	0.010988	0.000000	0.002100	0.000000	0.000100	31.381700	0.092200	67.134871	0.197243	0.000000	0.001500	0.007700	0.000100	0.009106	0.000118	0.001700	0.000300	0.000000	0.013000	0.000000	0.021685	0.000000	0.000300	0.000000	0.003900	0.000000	0.006962	0.000000	0.000600	0.000000	0.000200	0.000000	0.000300	0.000000	0.000373	0.008900	0.000100	0.012022	0.000135
