trip	site	compartment	ph	ph_sd	n_ph_specimens	shannon	sequencing_depth	n_profiles	log_sequencing_depth	transect_km
1	1	Deep	7.995	0.007071067811865324	2	6.655827416668735	207774.0	2	12.244211042421227	-517.7178161
1	1	Rhizosphere	7.95		1	6.715934327655664	186884.0	1	12.138248733401074	-517.7178161
1	1	Surface	7.989999999999999	0.009999999999999787	3	6.167398689022062	995003.0	3	13.810502036233151	-517.7178161
1	2	Deep	8.07		1	5.781290608805656	20729.0	1	9.939337205429826	-508.601156
1	2	Rhizosphere	7.9		1	6.034870259113963	227586.0	1	12.335287861852592	-508.601156
1	2	Surface	8.15		1	5.474749176568929	18569.0	1	9.829302654346751	-508.601156
1	3	Deep	7.77		1	7.401163248654631	569675.0	1	13.252823057145608	-492.2969033
1	3	Rhizosphere	7.65		1	6.38308220002177	295697.0	1	12.597093942205927	-492.2969033
1	3	Surface	7.84		1	6.417511801421415	68097.0	1	11.128703123130714	-492.2969033
1	4	Deep	7.97		1	5.290081596005005	12168.0	1	9.4066470133368	-473.520626
1	4	Rhizosphere	7.93		1	6.003990519698318	961183.0	1	13.775921136846565	-473.520626
1	4	Surface	8.02		1	6.332888782654392	641748.0	1	13.371952540492982	-473.520626
1	5	Deep	7.99		1	6.294755274737854	156969.0	1	11.963809983269252	-461.9018782
1	5	Surface	8.03		1	5.725087157253492	244857.0	1	12.408433729661853	-461.9018782
1	6	Deep	7.93		1	7.217200723625958	963407.0	1	13.778232277067383	-445.8293645
1	6	Rhizosphere	7.88		1	4.960751909945537	16591.0	1	9.716675930469309	-445.8293645
1	6	Surface	7.96		1	5.911475454407379	53354.0	1	10.884722973050666	-445.8293645
1	7	Deep	7.95		1	6.873276871173924	470585.0	1	13.061734005576612	-431.6397836
1	7	Rhizosphere	7.7		1	5.307778352015222	14554.0	1	9.585689856179723	-431.6397836
1	7	Surface	8.04		1	4.005569337181843	53896.0	1	10.894830096721002	-431.6397836
1	8	Rhizosphere	7.723333333333334	0.041633319989322286	3	5.838476733709411	763061.0	3	13.545094565156676	-415.8003027
1	8	Surface	7.395	0.007071067811865638	2	6.104140472266392	197699.0	2	12.194506009158708	-415.8003027
1	9	Deep	7.97		1	6.561909712696564	318005.0	1	12.669825529508845	-395.7107504
1	9	Rhizosphere	7.9		1	5.799661496283749	462436.0	1	13.04426561044013	-395.7107504
1	9	Surface	8.09		1	6.314880398953704	366332.0	1	12.811298034799128	-395.7107504
1	10	Deep	7.7		1	6.659232384545959	503679.0	1	13.12969642477112	-379.2725562
1	10	Rhizosphere	8.02		1	5.869525257032846	234734.0	1	12.366212497265382	-379.2725562
1	10	Surface	8.01		1	6.830716177023331	1634081.0	1	14.306591736741462	-379.2725562
1	11	Deep	8.13		1	5.938083780496115	487056.0	1	13.096136438336865	-360.8242371
1	11	Rhizosphere	8.01		1	5.945018617411077	847369.0	1	13.649892714140552	-360.8242371
1	11	Surface	8.12		1	5.678883274313884	125604.0	1	11.740897341141078	-360.8242371
1	13	Deep	8.03		1	6.9528277174114095	473455.0	1	13.067814262264074	-316.1965033
1	13	Surface	8.02		1	5.654056548523213	357173.0	1	12.785978336981417	-316.1965033
1	15	Deep	7.93		1	7.228124542544702	943660.0	1	13.757522270462648	-271.073248
1	15	Rhizosphere	7.8		1	5.897749197947201	909284.0	1	13.720413855372067	-271.073248
1	15	Surface	7.97		1	6.42089305484757	900509.0	1	13.710716548478187	-271.073248
1	16	Deep	7.91		1	6.438471986347724	416803.0	1	12.940371366304227	-255.0162042
1	16	Rhizosphere	7.8		1	4.947956730318936	16917.0	1	9.73613342286396	-255.0162042
1	16	Surface	7.88		1	4.805189136725123	214146.0	1	12.274417974073106	-255.0162042
1	17	Deep	7.99		1	6.679286079105272	133041.0	1	11.798420146826574	-233.6971823
1	17	Rhizosphere	7.7		1	4.991549885889936	218408.0	1	12.294124730795037	-233.6971823
1	17	Surface	8.01		1	5.480153064178926	23551.0	1	10.066966021528604	-233.6971823
1	18	Deep	7.61		1	5.753251893919978	299805.0	1	12.610890877792599	-210.0095507
1	18	Rhizosphere	7.91		1	3.421212613317964	554215.0	1	13.225309781438154	-210.0095507
1	18	Surface	7.875	0.07778174593051983	2	5.245220086020158	230212.0	2	12.346760246307893	-210.0095507
1	19	Deep	7.7		1	6.134222166334685	141570.0	1	11.860556637007022	-188.4893933
1	19	Surface	7.78		1	4.4410162925589045	416258.0	1	12.939062941664668	-188.4893933
1	20	Deep	7.79		1	5.812305908854338	594658.0	1	13.295743410994193	-168.4448291
1	20	Surface	7.81		1	4.026017136604109	395135.0	1	12.886985288421776	-168.4448291
1	22	Deep	7.975	0.021213203435596288	2	6.313795876181372	1166613.0	2	13.96961609391542	-144.181918
1	22	Rhizosphere	7.97		1	5.638642377512771	473079.0	1	13.067019786365053	-144.181918
1	22	Surface	7.945	0.049497474683058526	2	5.681170915388341	334183.0	2	12.719447018473723	-144.181918
1	23	Deep	8.03		1	6.06905356310698	221753.0	1	12.309323938340592	-129.008546
1	23	Rhizosphere	7.8		1	4.854156371080063	55872.0	1	10.930836537091798	-129.008546
1	23	Surface	7.96		1	5.210711758903411	621961.0	1	13.34063427660746	-129.008546
1	24	Deep	8.02		1	6.229304455537572	510802.0	1	13.143739276263446	-115.1821155
1	24	Surface	7.79		1	5.837575453420429	55712.0	1	10.927968791861163	-115.1821155
1	25	Deep	7.89		1	6.440835870975157	499676.0	1	13.121717168656422	-109.3965555
1	25	Rhizosphere	7.73		1	5.265009395124739	375595.0	1	12.836269376632274	-109.3965555
1	25	Surface	7.99		1	6.153406882640771	376969.0	1	12.839920887667025	-109.3965555
1	27	Deep	7.89		1	7.000027120475883	740948.0	1	13.515687075998681	-82.47630032
1	27	Rhizosphere	7.29		1	5.249714056183764	443610.0	1	13.002703331265423	-82.47630032
1	27	Surface	7.92		1	5.687635339799874	630451.0	1	13.35419230143356	-82.47630032
1	28	Deep	7.98		1	6.348689604596271	258543.0	1	12.46282117121203	-63.70113915
1	28	Rhizosphere	8.01		1	6.281413260910348	495049.0	1	13.112414046550661	-63.70113915
1	28	Surface	8.0		1	5.724465452900271	514475.0	1	13.150904185937904	-63.70113915
1	29	Deep	8.03		1	6.390687316553075	572404.0	1	13.257602061776526	-43.16663877
1	29	Rhizosphere	7.94		1	6.329028100820555	174179.0	1	12.06784452624673	-43.16663877
1	29	Surface	7.78		1	5.753093155066934	421606.0	1	12.951828879487014	-43.16663877
1	30	Deep	8.1		1	6.172157290523014	139558.0	1	11.84624272989814	-31.04008344
1	30	Rhizosphere	8.04		1	6.5415625135095405	880174.0	1	13.687876030320002	-31.04008344
1	30	Surface	7.93		1	5.911531066006062	448049.0	1	13.012660112312366	-31.04008344
1	31	Deep	8.27		1	6.0195819534267	462115.0	1	13.043571220799086	-9.181887324
1	31	Rhizosphere	8.0		1	4.750769274962029	300114.0	1	12.61192101351822	-9.181887324
1	31	Surface	8.16		1	6.255046846646303	489913.0	1	13.10198514447901	-9.181887324
1	32	Rhizosphere	8.04		1	5.795138750109911	156644.0	1	11.961737377581759	11.86272886
1	33	Deep	7.9		1	5.984028233640966	523517.0	1	13.16832669265577	33.58954434
1	33	Rhizosphere	7.7		1	5.239384936633843	396883.0	1	12.891399325537325	33.58954434
1	33	Surface	8.08		1	6.114771200056611	271531.0	1	12.511835275130819	33.58954434
1	34	Deep	7.81		1	5.353876026384497	431609.0	1	12.975277681699188	55.94883459
1	34	Rhizosphere	7.8		1	5.5856240381611295	274524.0	1	12.522797610465915	55.94883459
1	34	Surface	7.87		1	6.389289360104938	830488.0	1	13.629769962914658	55.94883459
1	35	Deep	7.92		1	6.159990994050095	405578.0	1	12.913070954770802	78.55661989
1	35	Rhizosphere	7.91		1	4.993547272511452	205859.0	1	12.23495160508055	78.55661989
1	35	Surface	8.18		1	6.351941093844511	768244.0	1	13.551863971673471	78.55661989
1	36	Deep	8.0		1	5.728591220839864	270651.0	1	12.508589141815408	122.2237697
1	36	Surface	8.05		1	3.665829167620556	20015.0	1	9.904287232706693	122.2237697
1	37	Deep	8.22		1	6.4978832541416125	357294.0	1	12.786317050070878	143.4054133
1	37	Rhizosphere	8.19		1	5.94072874683531	376528.0	1	12.838750348488198	143.4054133
1	37	Surface	8.24		1	6.5856635721911765	472516.0	1	13.06582900410469	143.4054133
1	38	Deep	7.94		1	6.332524792960212	232842.0	1	12.358119685686795	146.1476077
1	38	Rhizosphere	8.03		1	6.149058884876152	625188.0	1	13.345809283004874	146.1476077
1	38	Surface	7.96		1	6.493041243761703	460036.0	1	13.039062200013182	146.1476077
1	39	Deep	8.04		1	5.790080850720783	229779.0	1	12.344877608407355	170.4835934
1	39	Rhizosphere	8.05		1	5.206830441898898	201061.0	1	12.211368597189356	170.4835934
1	39	Surface	7.92		1	5.854214328168118	132265.0	1	11.792570325389462	170.4835934
1	40	Deep	7.96		1	6.327907375218389	522507.0	1	13.166395573708675	194.6749641
1	40	Rhizosphere	8.06		1	5.845523043807353	379688.0	1	12.847107775560586	194.6749641
1	41	Deep	8.07		1	2.515991427976635	24318.0	1	10.099013216813665	206.9146237
1	41	Rhizosphere	7.98		1	5.797500418919494	330261.0	1	12.70764155783344	206.9146237
1	42	Deep	7.99		1	6.481842446038048	148967.0	1	11.911486796761599	225.5104191
1	42	Rhizosphere	8.02		1	5.670761491697691	453138.0	1	13.023954200665512	225.5104191
1	42	Surface	8.01		1	4.937272415647771	113641.0	1	11.640808435250074	225.5104191
1	43	Deep	8.055	0.06363961030678918	2	6.4327421528003494	637091.0	2	13.364669351127295	236.0478339
1	43	Rhizosphere	8.0		1	6.424623084712568	301967.0	1	12.61807633047792	236.0478339
1	43	Surface	8.09		1	6.034453245669747	110391.0	1	11.61179294643139	236.0478339
1	44	Deep	7.99		1	6.261705428379263	737956.0	1	13.51164083630245	255.1948189
1	44	Rhizosphere	8.0		1	5.437727895644472	216052.0	1	12.283279026938287	255.1948189
1	45	Deep	8.23		1	5.855163333634126	339044.0	1	12.733888120915799	261.0075307
1	45	Rhizosphere	8.06		1	5.4863804982152296	258006.0	1	12.46074199531864	261.0075307
1	45	Surface	8.15		1	6.127026216817883	512753.0	1	13.147551476976846	261.0075307
1	46	Deep	8.2		1	5.055741797306747	129263.0	1	11.76961210371949	281.5198373
1	46	Rhizosphere	8.18		1	4.055009165820923	2046.0	1	7.624130585661289	281.5198373
1	46	Surface	8.16		1	5.148081164849797	107990.0	1	11.589803169300609	281.5198373
1	47	Deep	8.1		1	6.545768254049477	259795.0	1	12.467651986641295	301.7956702
1	47	Rhizosphere	8.08		1	5.124237546974011	21560.0	1	9.978641406136552	301.7956702
1	47	Surface	8.14		1	6.76689901457821	382238.0	1	12.853801346398827	301.7956702
1	48	Deep	8.0		1	5.7632927140028745	175317.0	1	12.074356746756063	325.4860432
1	48	Surface	8.1		1	5.589313506088121	300759.0	1	12.614067883491963	325.4860432
1	49	Deep	8.29		1	5.480517931532357	191915.0	1	12.164813055278872	346.9345123
1	49	Rhizosphere	8.27		1	5.900392269910602	109413.0	1	11.602894131532002	346.9345123
1	50	Deep	8.27		1	6.254453494405376	90101.0	1	11.408697640908336	361.0995833
1	50	Rhizosphere	8.09		1	5.896335016273405	534861.0	1	13.189764048679654	361.0995833
1	50	Surface	8.21		1	5.106424533709721	23333.0	1	10.057666803383801	361.0995833
1	51	Deep	8.31		1	5.899527454716157	1278036.0	1	14.06083586498723	370.4731391
1	51	Rhizosphere	8.28		1	4.151150836492533	333425.0	1	12.717176230661325	370.4731391
1	52	Deep	8.27		1	4.655282501768799	405299.0	1	12.9123828126164	389.9085155
1	53	Deep	8.39		1	4.783797130786727	525288.0	1	13.171703866307798	399.3720026
1	53	Rhizosphere	8.31		1	4.821115076199249	34154.0	1	10.438664267165949	399.3720026
1	53	Surface	8.42		1	1.5121167518413738	67648.0	1	11.122087851523679	399.3720026
1	54	Deep	8.21		1	5.168985123562304	406279.0	1	12.914797856053438	421.7455418
1	54	Rhizosphere	8.17		1	4.122365070628243	140880.0	1	11.855670841384532	421.7455418
1	54	Surface	8.15		1	3.338173883941729	1230.0	1	7.115582126184454	421.7455418
1	56	Deep	8.18		1	4.024855644226668	21885.0	1	9.993602441978389	446.6704889
1	56	Surface	8.11		1	3.99710375781564	21640.0	1	9.982344942613622	446.6704889
1	57	Deep	8.39		1	5.188134154240806	31250.0	1	10.349806654652559	464.8588197
1	57	Rhizosphere	8.4		1	4.371297548983113	426086.0	1	12.962398829752463	464.8588197
1	57	Surface	8.43		1	3.88909466118054	94954.0	1	11.461158374148345	464.8588197
1	58	Rhizosphere	8.23		1	5.162432508762434	197756.0	1	12.194794283233486	481.5214344
1	58	Surface	8.26		1	4.517751776217252	14313.0	1	9.568993358298544	481.5214344
1	59	Rhizosphere	8.45		1	3.690052725539084	8737.0	1	9.075436609511382	485.7169022
1	60	Deep	8.2		1	4.517929494501491	147421.0	1	11.901054501331487	496.6102363
1	60	Surface	8.22		1	4.642253451079344	142260.0	1	11.86541867764562	496.6102363
2	1	Deep	7.81		1	3.586140005587671	1485.0	1	7.303843225277705	-517.7178161
2	2	Deep	7.8		1	4.798986593452173	12566.0	1	9.438829609615144	-508.601156
2	2	Rhizosphere	7.445	0.06363961030678918	2	5.052510760899326	665671.0	2	13.408552335715774	-508.601156
2	4	Rhizosphere	7.7		1	5.978007521513599	545420.0	1	13.209313252502756	-473.520626
2	4	Surface	7.79		1	6.491502375118535	226775.0	1	12.331718025130572	-473.520626
2	5	Rhizosphere	7.59		1	6.624019206265058	301075.0	1	12.615118003554702	-461.9018782
2	5	Surface	7.773333333333333	0.04041451884327397	3	6.519086541948259	3455581.0	3	15.05550145251708	-461.9018782
2	6	Deep	7.595	0.06363961030678918	2	6.2886406558508	799951.0	2	13.592307004849992	-445.8293645
2	6	Rhizosphere	7.5600000000000005	0.014142135623730963	2	3.843370734948529	23125.0	2	10.048712804688908	-445.8293645
2	7	Rhizosphere	7.535	0.049497474683058526	2	5.968384563298536	611047.0	2	13.322930794806211	-431.6397836
2	8	Deep	7.91		1	3.8013977938268697	13407.0	1	9.503606822721864	-415.8003027
2	8	Rhizosphere	7.525	0.049497474683058214	2	5.7681055511416695	626656.0	2	13.348154620487133	-415.8003027
2	8	Surface	7.53		1	6.444431474850381	603513.0	1	13.310524517262252	-415.8003027
3	5	Deep	8.2		1	6.652942495018957	86938.0	1	11.372962002291217	-461.9018782
3	5	Rhizosphere	8.23		1	5.871814693151994	70036.0	1	11.156778952815396	-461.9018782
3	5	Surface	8.27		1	6.651555287911616	157478.0	1	11.967047395024812	-461.9018782
3	6	Deep	7.74		1	6.7245079362160585	418339.0	1	12.94404977800791	-445.8293645
3	6	Rhizosphere	7.69		1	6.386883712557067	310850.0	1	12.647068976677993	-445.8293645
3	6	Surface	7.7		1	5.973193200674619	523646.0	1	13.168573072167407	-445.8293645
3	7	Deep	7.84		1	6.17189943196058	416799.0	1	12.940361769421294	-431.6397836
3	7	Rhizosphere	7.81		1	6.364723358644341	465559.0	1	13.050996261055912	-431.6397836
3	7	Surface	7.8		1	6.17184993563639	320810.0	1	12.678607443663442	-431.6397836
3	9	Deep	7.73		1	5.716951942602005	293173.0	1	12.58852156839141	-395.7107504
3	9	Rhizosphere	7.71		1	3.5140603743704446	235844.0	1	12.370930088572486	-395.7107504
3	9	Surface	7.69		1	5.837292016567195	337605.0	1	12.729634814057858	-395.7107504
3	10	Deep	7.79		1	5.290056668648759	395144.0	1	12.887008065130315	-379.2725562
3	10	Rhizosphere	7.7		1	4.810205563573631	163550.0	1	12.004880147285961	-379.2725562
3	10	Surface	7.76		1	5.89620230054602	468163.0	1	13.056573940864887	-379.2725562
3	11	Deep	7.69		1	6.637360702246734	491207.0	1	13.104622942327396	-360.8242371
3	11	Rhizosphere	7.65		1	6.3611998202542965	295163.0	1	12.595286413052287	-360.8242371
3	11	Surface	7.61		1	3.5971559076439235	217217.0	1	12.288656736536323	-360.8242371
3	12	Deep	8.04	0.09899494936611612	2	7.2860887072277984	741812.0	2	13.516852468823405	-339.7251328
3	12	Rhizosphere	8.093333333333334	0.020816659994660848	3	5.513040103614048	449497.0	3	13.015886683495705	-339.7251328
3	12	Surface	8.025	0.03535533905932788	2	6.406766553503664	744382.0	2	13.52031096630515	-339.7251328
3	13	Deep	7.9		1	6.3652297302380125	325171.0	1	12.692109552087892	-316.1965033
3	13	Rhizosphere	7.86		1	5.7764309862173056	131374.0	1	11.785811108179253	-316.1965033
3	13	Surface	7.88		1	5.977393855345067	1008371.0	1	13.823847707151176	-316.1965033
3	14	Deep	8.01		1	5.651504295122838	519873.0	1	13.16134175350405	-290.6183269
3	14	Rhizosphere	7.94		1	5.232710635594185	51655.0	1	10.852361634306304	-290.6183269
3	14	Surface	7.97		1	6.046326977271598	348877.0	1	12.762477569870086	-290.6183269
3	15	Deep	8.02		1	5.889602072791014	185203.0	1	12.129213199233115	-271.073248
3	15	Rhizosphere	7.79		1	5.124169802131627	98731.0	2	11.500164387667613	-271.073248
3	15	Surface	8.0		1	6.007258826871896	69531.0	1	11.149542357241431	-271.073248
3	16	Deep	7.8		1	5.843442324080852	169939.0	1	12.043200712557532	-255.0162042
3	16	Rhizosphere	7.89		1	6.593582603739249	311261.0	1	12.648390280234727	-255.0162042
3	16	Surface	7.96		1	6.707315124341131	310310.0	1	12.645330299373088	-255.0162042
3	17	Deep	7.63		1	5.697296147281195	1009475.0	1	13.824941942306802	-233.6971823
3	17	Rhizosphere	7.58		1	5.8474900042265725	173549.0	1	12.064221021289931	-233.6971823
3	17	Surface	7.6		1	6.602085046848311	560472.0	1	13.236536349058431	-233.6971823
3	19	Deep	7.77		1	6.123336013993772	959051.0	1	13.773700575544668	-188.4893933
3	19	Rhizosphere	7.74		1	5.241095241784358	149999.0	1	11.918390573078392	-188.4893933
3	19	Surface	7.72		1	6.151385290418565	637908.0	1	13.365950918925	-188.4893933
3	20	Deep	7.77		1	6.466645824962625	577705.0	1	13.266820367728924	-168.4448291
3	20	Rhizosphere	7.74		1	6.543031419071071	426599.0	1	12.963602085019387	-168.4448291
3	20	Surface	7.72		1	6.346236309531261	418757.0	1	12.945048466416537	-168.4448291
3	21	Deep	7.69		1	6.482332906401845	269446.0	1	12.504126989508606	-161.4547433
3	21	Rhizosphere	7.61		1	4.275887378394659	68085.0	1	11.128526890973765	-161.4547433
3	21	Surface	7.53		1	4.79089896557724	240708.0	1	12.391344014015223	-161.4547433
3	23	Deep	7.58		1	6.784856155857501	350095.0	1	12.765962681570432	-129.008546
3	23	Rhizosphere	7.54		1	5.837329198542735	227917.0	1	12.336741194124514	-129.008546
3	23	Surface	7.6		1	6.649017288560778	437269.0	1	12.988306132257886	-129.008546
3	24	Deep	8.03		1	5.914521141616757	318186.0	1	12.670394539242947	-115.1821155
3	24	Rhizosphere	7.92		1	5.011926087826236	127009.0	1	11.752021102498365	-115.1821155
3	24	Surface	8.02		1	5.419276377652483	158028.0	1	11.970533839470706	-115.1821155
3	25	Deep	7.78		1	5.539841872429121	380004.0	1	12.84793968951074	-109.3965555
3	25	Rhizosphere	7.7		1	3.733555280296789	302188.0	1	12.618807928423015	-109.3965555
3	25	Surface	7.79		1	3.969574866681631	266228.0	1	12.492112119655678	-109.3965555
3	26	Deep	7.82		1	6.584801251317461	294032.0	1	12.591447284919791	-95.62861051
3	26	Rhizosphere	7.75		1	5.420682174859379	233612.0	1	12.361421179072698	-95.62861051
3	26	Surface	7.76		1	5.998872611977517	292811.0	1	12.587286043836047	-95.62861051
3	27	Deep	7.95		1	6.682140384351803	401130.0	1	12.90204333623111	-82.47630032
3	27	Rhizosphere	7.89		1	4.128638300376758	177847.0	1	12.088684531881828	-82.47630032
3	27	Surface	7.89		1	4.426932375132058	215300.0	1	12.279792328023508	-82.47630032
3	28	Deep	8.21		1	6.805318455678115	1437718.0	1	14.178568387875979	-63.70113915
3	28	Rhizosphere	8.03		1	5.884334994150269	311684.0	1	12.64974834140209	-63.70113915
3	28	Surface	8.11		1	6.384911568300455	1098133.0	1	13.909122933678189	-63.70113915
3	29	Deep	8.13		1	6.389594454320556	249839.0	1	12.42857599195696	-43.16663877
3	29	Rhizosphere	8.08		1	4.112700328645942	84038.0	1	11.339036255792474	-43.16663877
3	29	Surface	7.93		1	5.049752216116348	245503.0	1	12.411068519363	-43.16663877
3	30	Deep	8.16		1	6.155172392970754	428124.0	1	12.967170487998628	-31.04008344
3	30	Rhizosphere	8.0		1	6.016508988066004	284720.0	1	12.559265032400441	-31.04008344
3	30	Surface	8.04		1	6.123108802711523	250273.0	1	12.430311596674867	-31.04008344
3	31	Deep	7.92		1	5.057803314179503	234547.0	1	12.365415536753718	-9.181887324
3	31	Rhizosphere	7.9		1	4.834535635095026	157247.0	1	11.965579455880851	-9.181887324
3	31	Surface	7.98		1	6.341552864373731	481084.0	2	13.083799248652326	-9.181887324
3	32	Deep	7.93		1	6.198962478144205	481265.0	1	13.084175410784717	11.86272886
3	32	Rhizosphere	7.89		1	5.52485947035917	474513.0	1	13.070046401338697	11.86272886
3	32	Surface	7.82		1	6.241930130596004	742902.0	1	13.518320763360308	11.86272886
3	33	Deep	8.01		1	6.282114960682977	908315.0	2	13.71934761466049	33.58954434
3	33	Rhizosphere	7.87		1	5.868719760748326	256212.0	1	12.453764408765577	33.58954434
3	33	Surface	7.93		1	6.653249116284113	643126.0	1	13.37409749538097	33.58954434
3	34	Deep	7.79		1	6.165907088380995	620398.0	1	13.338118098419908	55.94883459
3	34	Rhizosphere	7.71		1	6.064500884285026	317120.0	1	12.667038683499213	55.94883459
3	34	Surface	7.8		1	6.173277957412413	1024083.0	2	13.83930911246721	55.94883459
3	35	Deep	8.17		1	6.7635342984172375	522563.0	1	13.166502743358333	78.55661989
3	35	Rhizosphere	7.97		1	5.905883249190334	267913.0	1	12.49842131247262	78.55661989
3	35	Surface	8.02		1	5.741674201226196	1002775.0	1	13.818282711992243	78.55661989
3	36	Deep	8.07		1	6.6646639595085535	281621.0	1	12.548321025214426	122.2237697
3	36	Rhizosphere	7.86		1	5.214808105357241	391715.0	1	12.878292366407122	122.2237697
3	36	Surface	7.88		1	5.290009042595261	542516.0	1	13.203974700311306	122.2237697
3	37	Deep	8.09		1	6.359014845306724	292269.0	1	12.58543331155223	143.4054133
3	37	Rhizosphere	8.01		1	4.418218910042306	565445.0	1	13.245370079262603	143.4054133
3	37	Surface	7.98		1	6.351133115682546	482119.0	1	13.08594832470228	143.4054133
3	38	Deep	8.03		1	6.309146421605799	768512.0	1	13.552212757887979	146.1476077
3	38	Rhizosphere	7.88		1	5.212490543157568	760982.0	1	13.542366297566709	146.1476077
3	38	Surface	7.83		1	6.092076822254023	577345.0	1	13.26619701914954	146.1476077
3	39	Deep	8.1		1	5.630681232570224	601910.0	1	13.307864872829908	170.4835934
3	39	Rhizosphere	8.06		1	4.983464398512691	287978.0	1	12.570642839792868	170.4835934
3	39	Surface	7.91		1	5.2999147694736415	346530.0	1	12.755727559699709	170.4835934
3	40	Deep	8.1		1	6.283889852014715	649811.0	1	13.384438369267304	194.6749641
3	40	Rhizosphere	8.14		1	5.968724988860361	213945.0	1	12.273478925713192	194.6749641
3	40	Surface	8.18		1	5.961780075065056	200089.0	1	12.206522544310538	194.6749641
3	42	Deep	8.2		1	6.168255888288022	487641.0	1	13.09733680905694	225.5104191
3	42	Rhizosphere	8.09		1	5.905782358916347	395478.0	1	12.887852967434998	225.5104191
3	42	Surface	8.11		1	5.467518011371851	574071.0	1	13.260510102975394	225.5104191
3	43	Deep	7.984999999999999	0.021213203435596916	2	5.6035339995066	1521205.0	3	14.235013999283	236.0478339
3	43	Rhizosphere	7.973333333333334	0.02081665999466163	3	6.017551654209188	818343.0	3	13.615038065080917	236.0478339
3	43	Surface	8.090000000000002	0.04358898943540754	3	5.1734240017175095	1325632.0	3	14.097400639172077	236.0478339
3	44	Deep	8.01		1	5.758072871519696	488710.0	1	13.099526591701471	255.1948189
3	44	Rhizosphere	8.07		1	3.67554805256823	226793.0	1	12.331797395459338	255.1948189
3	44	Surface	8.06		1	5.656313835126475	525993.0	1	13.173045084810681	255.1948189
3	45	Deep	8.31	0.04358898943540621	3	5.962789050487433	1025217.0	3	13.840415830867668	261.0075307
3	45	Rhizosphere	7.943333333333334	0.06658328118479362	3	6.705176788046319	648066.0	3	13.38174936505124	261.0075307
3	45	Surface	8.143333333333333	0.025166114784236766	3	4.479381052902924	828286.0	3	13.62711499166662	261.0075307
3	46	Deep	8.13		1	5.721940515696714	202959.0	1	12.220764194273164	281.5198373
3	46	Surface	8.05		1	3.2813298747937614	58312.0	1	10.973580332043829	281.5198373
3	47	Deep	8.04		1	4.252646063880515	169811.0	1	12.042447221740371	301.7956702
3	47	Rhizosphere	8.16		1	3.2728405414738537	243812.0	2	12.404156817003125	301.7956702
3	47	Surface	8.12		1	2.6796441065151626	40903.0	1	10.618983136759836	301.7956702
3	48	Deep	8.21		1	5.745275770462928	172934.0	1	12.060671080335164	325.4860432
3	49	Deep	7.94		1	5.465084659841859	240170.0	1	12.389106448616507	346.9345123
3	49	Rhizosphere	7.9		1	5.9815017868809015	271109.0	1	12.510279921564111	346.9345123
3	49	Surface	8.09		1	4.511800938271897	326946.0	1	12.697553357232383	346.9345123
3	50	Deep	8.09		1	5.79447650157836	515008.0	1	13.15193965522133	361.0995833
3	50	Rhizosphere	8.2		1	5.662393099776602	210458.0	1	12.257046138786793	361.0995833
3	50	Surface	8.19		1	6.622251536486525	349574.0	1	12.764473409909051	361.0995833
3	51	Deep	8.38		1	5.219498393303304	304280.0	1	12.625706895552531	370.4731391
3	51	Rhizosphere	8.37		1	5.521640312327223	378239.0	1	12.843284193759816	370.4731391
3	51	Surface	8.43		1	5.320683031468111	517307.0	2	13.156393720786003	370.4731391
3	52	Surface	8.41		1	3.5058505200303287	113146.0	1	11.63644313723251	389.9085155
3	53	Deep	8.3		1	3.223772440118486	96844.0	1	11.48086704127634	399.3720026
3	53	Rhizosphere	8.2		1	5.849047752168181	459016.0	1	13.036842525393865	399.3720026
3	53	Surface	8.27		1	4.717959326040593	208040.0	1	12.245490454643386	399.3720026
3	54	Rhizosphere	8.1		1	4.54176949589219	309479.0	1	12.64264874866339	421.7455418
3	56	Surface	8.14		1	2.576878510082256	173064.0	2	12.061422525457228	446.6704889
3	57	Deep	8.39		1	2.756038017914311	187849.0	2	12.143399051002115	464.8588197
3	57	Rhizosphere	8.42		1	5.334178452899562	29725.0	1	10.29977736270884	464.8588197
3	57	Surface	8.34		1	2.657222560061575	196960.0	2	12.190761018578423	464.8588197
3	58	Deep	8.28		1	3.1615361807128384	9890.0	2	9.199380531739841	481.5214344
3	58	Rhizosphere	8.38		1	4.911621126797658	159636.0	1	11.980657766703457	481.5214344
3	58	Surface	8.23		1	5.939153906873768	102606.0	1	11.538661435512369	481.5214344
3	59	Surface	8.49		1	2.9972352957180557	51989.0	2	10.858806671377762	485.7169022
3	60	Rhizosphere	8.46		1	4.711892500868999	121034.0	2	11.703835038950716	496.6102363
3	60	Surface	8.53		1	5.631379641233023	37238.0	1	10.525111878184058	496.6102363
4	4	Deep	7.8		1	6.924245243251809	416306.0	1	12.93917824783872	-473.520626
4	4	Rhizosphere	7.72		1	6.094916872887098	194618.0	1	12.178799080144714	-473.520626
4	4	Surface	8.07		1	6.377092757676245	391895.0	1	12.878751777450255	-473.520626
4	5	Deep	7.86		1	5.760700443372139	380915.0	1	12.850334157360273	-461.9018782
4	5	Rhizosphere	7.7		1	6.164922994825995	362651.0	1	12.801198975735678	-461.9018782
4	5	Surface	8.04		1	6.106081346858195	112226.0	1	11.62827888483239	-461.9018782
4	8	Deep	7.64		1	6.067506811133061	583897.0	1	13.277481589021715	-415.8003027
4	8	Rhizosphere	7.57		1	6.637149742968954	563748.0	1	13.242364395961532	-415.8003027
4	9	Deep	7.56		1	5.881963056085239	339715.0	1	12.735865253422178	-395.7107504
4	9	Rhizosphere	7.61		1	5.093271029897695	99086.0	1	11.503753531087519	-395.7107504
4	9	Surface	7.65		1	6.1958488266800105	518496.0	1	13.158689520714054	-395.7107504
4	10	Deep	7.4		1	6.139390696495916	427301.0	1	12.965246302173467	-379.2725562
4	10	Rhizosphere	7.51		1	3.3025685354410736	175679.0	1	12.076419437303302	-379.2725562
4	10	Surface	7.53		1	6.283618337633388	448414.0	1	13.013474421895381	-379.2725562
4	11	Deep	7.9		1	6.459004331847418	443602.0	1	13.002685297284895	-360.8242371
4	11	Rhizosphere	7.79		1	6.022684181478236	259816.0	1	12.467732816027825	-360.8242371
4	11	Surface	7.83		1	5.858415978396275	490941.0	1	13.104081273526287	-360.8242371
4	12	Deep	8.16		1	6.721066496980293	637514.0	1	13.36533308514967	-339.7251328
4	12	Rhizosphere	8.1		1	6.22594728558695	290486.0	1	12.57931410384248	-339.7251328
4	12	Surface	7.84		1	6.202477859780965	883286.0	1	13.69140545508841	-339.7251328
4	13	Deep	7.86		1	6.609463819196131	602152.0	1	13.308266844823521	-316.1965033
4	13	Rhizosphere	7.93		1	6.953695777559904	519732.0	1	13.161070497152632	-316.1965033
4	13	Surface	8.04		1	6.288791477240704	569978.0	1	13.253354797026782	-316.1965033
4	14	Deep	7.9		1	6.71733454374162	652895.0	1	13.389173130643474	-290.6183269
4	14	Rhizosphere	7.96		1	3.468795825830496	209711.0	1	12.253490439859327	-290.6183269
4	14	Surface	8.0		1	6.1113133032540485	403700.0	1	12.90842978392491	-290.6183269
4	15	Deep	7.77		1	7.394971022945971	477736.0	1	13.076815650847943	-271.073248
4	15	Rhizosphere	7.85		1	7.385921175912815	355904.0	1	12.782419120289736	-271.073248
4	15	Surface	7.88		1	7.263797910675005	594496.0	1	13.295470948842881	-271.073248
4	16	Deep	7.64		1	6.988248774377627	475095.0	1	13.07127216785942	-255.0162042
4	16	Rhizosphere	7.87		1	6.349438556654757	357655.0	1	12.78732690957364	-255.0162042
4	16	Surface	7.7		1	6.986790961079451	618043.0	1	13.334314931316415	-255.0162042
4	17	Deep	7.71		1	6.099334066545082	522026.0	1	13.16547458966506	-233.6971823
4	17	Rhizosphere	7.99		1	6.375092202822419	195282.0	1	12.182205067505167	-233.6971823
4	17	Surface	7.9		1	6.61397289381036	481857.0	1	13.085404743818792	-233.6971823
4	18	Deep	7.9		1	5.788951945446459	342752.0	1	12.744765350121485	-210.0095507
4	18	Rhizosphere	7.83		1	3.379013336291713	13267.0	1	9.493110400066943	-210.0095507
4	18	Surface	8.06		1	6.395447581504357	300562.0	1	12.61341266156615	-210.0095507
4	19	Deep	7.7		1	6.5178136445412775	167221.0	1	12.027077549924357	-188.4893933
4	19	Rhizosphere	7.64		1	6.781350961754551	294742.0	1	12.593859069177828	-188.4893933
4	19	Surface	7.86		1	6.89843646118626	533436.0	1	13.187096254653527	-188.4893933
4	20	Deep	7.75		1	6.428882290378126	488075.0	1	13.098226410414345	-168.4448291
4	20	Rhizosphere	7.71		1	5.657902928232527	198502.0	1	12.198559492345302	-168.4448291
4	20	Surface	7.97		1	7.064559514200382	484245.0	1	13.090348321038947	-168.4448291
4	21	Deep	7.93		1	6.561423299362915	483111.0	1	13.088003789811728	-161.4547433
4	21	Rhizosphere	7.84		1	5.369605541768196	137986.0	1	11.83491475680342	-161.4547433
4	21	Surface	7.81		1	6.475178747481713	379049.0	1	12.84542340148445	-161.4547433
4	22	Deep	7.66		1	6.089392790651319	478018.0	1	13.0774057596376	-144.181918
4	22	Rhizosphere	7.74		1	6.094239619535446	527445.0	1	13.17580176942398	-144.181918
4	22	Surface	7.76		1	7.029118046914952	412497.0	1	12.92998663626027	-144.181918
4	23	Deep	7.95		1	4.929152155428601	160888.0	1	11.988469965199076	-129.008546
4	23	Rhizosphere	7.91		1	5.393661007447929	296625.0	1	12.60022736499239	-129.008546
4	23	Surface	7.81		1	6.427701152221683	541334.0	1	13.201793589848645	-129.008546
4	24	Deep	7.63		1	5.830864835951341	528256.0	1	13.177338186691973	-115.1821155
4	24	Rhizosphere	7.71		1	6.675424542975416	490020.0	1	13.102203526311325	-115.1821155
4	24	Surface	7.76		1	6.584388471408566	565700.0	1	13.245820949051092	-115.1821155
4	25	Deep	7.69		1	6.346225375817353	388881.0	1	12.871031234680808	-109.3965555
4	25	Rhizosphere	7.78		1	5.761429369124235	242997.0	1	12.40080849183614	-109.3965555
4	26	Deep	7.7		1	6.514770403695425	512137.0	1	13.146349398954623	-95.62861051
4	26	Rhizosphere	7.75		1	4.754408197044837	52990.0	1	10.87787736679393	-95.62861051
4	26	Surface	7.61		1	6.649183766341992	491484.0	1	13.10518669928371	-95.62861051
4	27	Deep	7.77		1	6.776141627536706	509270.0	1	13.140735570352227	-82.47630032
4	27	Rhizosphere	7.82		1	5.822079257246583	361496.0	1	12.798009021791335	-82.47630032
4	28	Deep	7.98		1	6.579261011245471	446785.0	1	13.009835011756095	-63.70113915
4	28	Rhizosphere	7.88		1	6.932255725977208	381757.0	1	12.85254217898442	-63.70113915
4	29	Rhizosphere	8.0		1	7.139108355059321	443026.0	1	13.001385995251278	-43.16663877
4	30	Deep	7.87		1	6.481283765161268	541835.0	1	13.202718651608473	-31.04008344
4	30	Rhizosphere	7.9		1	5.563752530387081	148689.0	1	11.90961888069127	-31.04008344
4	30	Surface	7.86		1	6.185079477074479	481269.0	1	13.08418372216216	-31.04008344
4	31	Deep	7.9		1	6.704950087522048	490807.0	1	13.103808291604551	-9.181887324
4	31	Rhizosphere	7.89		1	5.214192286552485	36064.0	1	10.493078144937773	-9.181887324
4	31	Surface	7.81		1	6.270094652299395	615421.0	1	13.330063490337366	-9.181887324
4	32	Deep	8.01		1	6.395638151434938	485503.0	1	13.092942805608516	11.86272886
4	32	Rhizosphere	7.94		1	5.2189002047067925	168044.0	1	12.031987079660933	11.86272886
4	32	Surface	7.85		1	6.392214235842219	630929.0	1	13.354950200345833	11.86272886
4	33	Deep	7.93		1	6.455529441725924	598794.0	1	13.302674581459348	33.58954434
4	33	Rhizosphere	7.88		1	6.402307892844839	634824.0	1	13.361104649341593	33.58954434
4	33	Surface	8.0		1	5.878545061643102	253904.0	1	12.444715460291308	33.58954434
4	34	Rhizosphere	7.86		1	5.1084591369400085	95569.0	1	11.467614242260225	55.94883459
4	34	Surface	7.87		1	4.989504252454326	545675.0	1	13.20978067199826	55.94883459
4	35	Deep	8.0		1	6.822115456776757	400056.0	1	12.899362315937958	78.55661989
4	35	Rhizosphere	7.92		1	6.427316160455464	349063.0	1	12.763010565461133	78.55661989
4	35	Surface	7.98		1	6.937787471548251	702152.0	1	13.461906607978525	78.55661989
4	36	Deep	8.0		1	6.431221778858599	471473.0	1	13.063619236375082	122.2237697
4	36	Rhizosphere	7.89		1	5.783971723345025	198470.0	1	12.19839827271848	122.2237697
4	36	Surface	8.03		1	6.524551977676613	422374.0	1	12.953648824016591	122.2237697
4	37	Deep	8.1		1	5.976959752617437	489679.0	1	13.101507395524951	143.4054133
4	37	Rhizosphere	7.92		1	6.089243189008392	436420.0	1	12.986362652773193	143.4054133
4	37	Surface	8.04		1	6.223556706982971	351005.0	1	12.768558596318996	143.4054133
4	38	Deep	8.08		1	6.713226778709048	518648.0	1	13.158982632775594	146.1476077
4	38	Rhizosphere	8.06		1	5.497958814446659	212973.0	1	12.268925371513236	146.1476077
4	38	Surface	8.11		1	6.12205742925916	450747.0	1	13.018663704006357	146.1476077
4	39	Deep	8.19		1	6.358712030565988	453888.0	1	13.025607953738033	170.4835934
4	39	Rhizosphere	7.92		1	4.507959263742976	88140.0	1	11.386693083918184	170.4835934
4	39	Surface	8.05		1	6.222168306267883	392885.0	1	12.881274772435242	170.4835934
4	40	Deep	8.18		1	5.749474673456928	183318.0	1	12.118983083666004	194.6749641
4	40	Surface	8.13		1	6.115965028149567	633853.0	1	13.359573922988279	194.6749641
5	1	Deep	8.030000000000001	0.028284271247461926	2	4.923037442116243	774401.0	2	13.559846397585797	-517.7178161
5	1	Rhizosphere	7.926666666666667	0.07023769168568478	3	4.605236136320881	1675668.0	3	14.331723046486237	-517.7178161
5	2	Deep	8.135	0.03535533905932788	2	6.345004118191633	1038209.0	2	13.85300863438436	-508.601156
5	2	Rhizosphere	7.593333333333334	0.020816659994661434	3	6.9302235249116295	1566648.0	3	14.264449501352852	-508.601156
5	2	Surface	7.94	0.05656854249492385	2	6.7789456604789144	1127002.0	2	13.93507245495271	-508.601156
5	3	Rhizosphere	7.516666666666667	0.040414518843273656	3	6.323254328447817	738728.0	3	13.512686420902469	-492.2969033
5	4	Deep	7.91	0.026457513110646348	3	7.0984133951558235	2685099.0	3	14.803228529179423	-473.520626
5	4	Rhizosphere	7.95	0.04582575694955825	3	6.048699940235504	2546463.0	3	14.750216288156013	-473.520626
5	4	Surface	7.984999999999999	0.03535533905932694	2	6.829713485690903	2779256.0	2	14.837694183757797	-473.520626
5	5	Deep	8.01		1	7.317558433236218	1024357.0	1	13.839576632857472	-461.9018782
5	5	Rhizosphere	8.016666666666666	0.01527525231651851	3	7.123678073959039	2105552.0	3	14.560088698435436	-461.9018782
5	5	Surface	8.035	0.03535533905932788	2	6.892819061023371	1606666.0	2	14.289672404827531	-461.9018782
5	6	Deep	7.86		1	7.550144618852466	937702.0	1	13.751188546720078	-445.8293645
5	6	Rhizosphere	7.846666666666667	0.045092497528228866	3	6.251843202167117	1458393.0	3	14.192846388240486	-445.8293645
5	6	Surface	7.865	0.021213203435596916	2	6.555350332024031	1804148.0	2	14.405599570429024	-445.8293645
5	7	Deep	7.8		1	5.876939100779439	139645.0	1	11.846865927926942	-431.6397836
5	7	Rhizosphere	7.82	0.026457513110645554	3	5.768492275592585	2090687.0	3	14.553003756373842	-431.6397836
5	8	Deep	7.78		1	7.30882573976071	687547.0	1	13.440886924267506	-415.8003027
5	8	Rhizosphere	7.916666666666667	0.020816659994661382	3	6.529827143451729	2387557.0	3	14.685781644235664	-415.8003027
5	9	Rhizosphere	7.696666666666666	0.055075705472860816	3	6.580657066362566	1536057.0	3	14.244729952393515	-395.7107504
5	10	Deep	7.81		1	6.291773184969021	853897.0	1	13.657567027698319	-379.2725562
5	10	Rhizosphere	7.9		1	6.28693901737721	615357.0	1	13.329959491247266	-379.2725562
5	11	Deep	7.97		1	7.349755497271334	739633.0	1	13.513910748233506	-360.8242371
5	11	Rhizosphere	7.74	0.05656854249492385	2	6.906257461806541	1312940.0	2	14.087780217012558	-360.8242371
5	11	Surface	7.85		1	5.555474044691346	1668156.0	1	14.327229982171618	-360.8242371
5	12	Deep	7.94		1	7.558703318259936	568995.0	1	13.251628683206782	-339.7251328
5	12	Rhizosphere	8.0	0.019999999999999574	3	6.699821114609597	1648141.0	3	14.315159150788103	-339.7251328
5	12	Surface	7.9350000000000005	0.049497474683058214	2	6.564238957294145	1382314.0	2	14.13927018787299	-339.7251328
5	13	Rhizosphere	7.855	0.03535533905932756	2	6.572630367786056	1955574.0	2	14.486194825804546	-316.1965033
5	13	Surface	7.85		1	6.641013448685905	702965.0	1	13.463063805469591	-316.1965033
5	14	Deep	8.1		1	4.812193288310944	873663.0	1	13.68045114136265	-290.6183269
5	14	Rhizosphere	8.223333333333333	0.09073771725877443	3	4.7294516293159745	1703790.0	3	14.348366326266795	-290.6183269
5	14	Surface	8.09		1	6.166826041321032	589062.0	1	13.286288417864574	-290.6183269
5	15	Deep	7.88	0.02000000000000024	3	7.176365251030337	2663584.0	3	14.79518351772655	-271.073248
5	15	Rhizosphere	8.073333333333332	0.0763762615825977	3	6.106256877159358	2015148.0	3	14.516203696038522	-271.073248
5	15	Surface	7.8100000000000005	0.02828427124746224	2	7.3850988849536146	1547558.0	2	14.252189408823803	-271.073248
5	16	Deep	8.06		1	6.019337395941415	826731.0	1	13.625235858608235	-255.0162042
5	16	Rhizosphere	8.246666666666666	0.041633319989322765	3	6.539443973783302	1546918.0	3	14.251775768779101	-255.0162042
5	17	Deep	8.055	0.0070710678118646965	2	7.053027974238195	1356724.0	2	14.120584265369297	-233.6971823
5	17	Rhizosphere	7.896666666666666	0.041633319989322765	3	6.413746943424949	2158782.0	3	14.58505519495039	-233.6971823
5	18	Rhizosphere	8.075	0.0212132034355966	2	5.997219643483305	1179505.0	2	13.980606264718158	-210.0095507
5	19	Deep	8.11	0.014142135623730649	2	7.576051790979564	5032135.0	2	15.431355104024217	-188.4893933
5	19	Rhizosphere	7.95	0.02000000000000013	3	5.944599738052889	1840539.0	3	14.425569564789717	-188.4893933
5	19	Surface	7.8		1	7.008983926988234	1116547.0	1	13.92575234082951	-188.4893933
5	20	Rhizosphere	7.59	0.0360555127546398	3	6.329820434328287	4076167.0	3	15.220667889354655	-168.4448291
5	20	Surface	7.85		1	6.229044500857744	668287.0	1	13.41247449733017	-168.4448291
5	21	Deep	7.745	0.06363961030678918	2	6.91379697536208	786502.0	2	13.575351815840646	-161.4547433
5	21	Rhizosphere	7.6433333333333335	0.04932882862316244	3	6.758928565316208	1617573.0	3	14.296438053924312	-161.4547433
5	21	Surface	7.84		1	7.46872653484918	1112675.0	1	13.922278482757067	-161.4547433
5	22	Rhizosphere	7.94		1	6.723417816259554	630179.0	1	13.353760771844875	-144.181918
5	23	Deep	8.17		1	7.262563224610426	709739.0	1	13.472653984767838	-129.008546
5	23	Rhizosphere	7.6850000000000005	0.021213203435596916	2	7.632462257498734	1098357.0	2	13.909326895268558	-129.008546
5	24	Deep	8.01		1	5.952291512861044	433988.0	1	12.980774467139216	-115.1821155
5	24	Rhizosphere	7.79	0.0424264068711932	2	7.3132235888552835	929553.0	2	13.742460180206546	-115.1821155
5	25	Deep	7.87		1	7.006453151375272	409452.0	1	12.922577401573434	-109.3965555
5	25	Rhizosphere	7.656666666666666	0.0550757054728608	3	5.869707052525925	1606917.0	3	14.289828616659806	-109.3965555
5	25	Surface	7.745	0.06363961030678918	2	6.806195525499133	1702896.0	2	14.347841476312515	-109.3965555
5	26	Deep	7.645	0.06363961030679012	2	6.922475313079797	827103.0	2	13.62568572184289	-95.62861051
5	26	Rhizosphere	7.699999999999999	0.028284271247461613	2	7.183348433178386	1328768.0	2	14.099763507689403	-95.62861051
5	26	Surface	7.67		1	7.08711490100435	676130.0	1	13.424142123233079	-95.62861051
5	27	Deep	7.720000000000001	0.02828427124746224	2	7.072229997860323	1449918.0	2	14.187018250767448	-82.47630032
5	27	Rhizosphere	7.666666666666667	0.03511884584284259	3	5.774027523298861	1517114.0	3	14.232321062972257	-82.47630032
5	28	Deep	7.695	0.007071067811865324	2	7.159380854738776	1312457.0	2	14.087412272935905	-63.70113915
5	28	Rhizosphere	7.609999999999999	0.04582575694955849	3	5.1801697208209445	1946208.0	3	14.481393935755593	-63.70113915
5	29	Rhizosphere	7.69	0.05656854249492385	2	6.934633604588212	1720058.0	2	14.357869150526906	-43.16663877
5	30	Rhizosphere	7.59	0.02645751311064593	3	5.937283818291007	1326673.0	3	14.098185616215424	-31.04008344
5	30	Surface	7.51		1	7.191496779468096	955117.0	1	13.769590172039358	-31.04008344
5	31	Deep	7.9350000000000005	0.07778174593052077	2	6.734246898409106	1537677.0	2	14.245784044319432	-9.181887324
5	32	Rhizosphere	7.62	0.02645751311064643	3	6.995003754304001	2059329.0	3	14.537891245144433	11.86272886
5	33	Rhizosphere	8.013333333333334	0.041633319989322265	3	6.141099408660853	1934121.0	3	14.475164034701777	33.58954434
5	34	Deep	8.01		1	6.82232608113885	877855.0	1	13.685237850054671	55.94883459
5	34	Rhizosphere	8.09	0.019999999999999574	3	6.033785119539374	1777745.0	3	14.390856827708076	55.94883459
5	35	Deep	8.1		1	6.80519595781961	1450613.0	1	14.187497473043699	78.55661989
5	35	Rhizosphere	8.4	0.026457513110646265	3	5.601990065464204	797401.0	3	13.589114222077738	78.55661989
5	37	Deep	8.22		1	6.408266412661558	236686.0	1	12.374493872151822	143.4054133
5	37	Rhizosphere	8.01	0.028284271247461298	2	5.906517789373154	796304.0	2	13.587737557266387	143.4054133
5	38	Rhizosphere	8.17		1	5.701239674816281	48510.0	1	10.789545855333118	146.1476077
5	38	Surface	8.14		1	6.016920658868115	865020.0	1	13.67050906307597	146.1476077
5	39	Deep	8.254999999999999	0.035355339059325995	2	6.572182024905754	1762874.0	2	14.38245655699454	170.4835934
5	39	Rhizosphere	8.19	0.009999999999999787	3	6.678230762618817	1808192.0	3	14.40783856202473	170.4835934
5	39	Surface	8.06		1	6.419179040771728	333612.0	1	12.717736917532404	170.4835934
5	40	Deep	7.99		1	7.595856362851694	703200.0	1	13.463398047422627	194.6749641
5	40	Rhizosphere	7.919999999999999	0.043588989435406775	3	6.949973584697122	2034265.0	3	14.525645623834597	194.6749641
5	40	Surface	7.91		1	7.027629260483111	1318128.0	1	14.091723864824132	194.6749641
5	41	Deep	7.92		1	4.973780581487745	382552.0	1	12.854622484741391	206.9146237
5	42	Rhizosphere	8.13		1	6.171353809949757	785972.0	1	13.574677719676291	225.5104191
5	42	Surface	7.86		1	6.663987445034155	1028589.0	1	13.843699490323527	225.5104191
5	43	Deep	7.873333333333334	0.025166114784236162	3	6.945768451962603	1810538.0	3	14.4091351489666	236.0478339
5	43	Rhizosphere	7.906666666666666	0.020816659994661542	3	6.611621280606257	2454792.0	3	14.713552997936878	236.0478339
5	44	Deep	7.83		1	6.131545945614184	688641.0	1	13.442476821346323	255.1948189
5	44	Rhizosphere	7.925000000000001	0.03535533905932756	2	7.200224559342091	1644701.0	2	14.31306977075586	255.1948189
5	45	Deep	8.156666666666666	0.040414518843273746	3	4.3648466771831345	1729946.0	3	14.363601330166524	261.0075307
5	45	Rhizosphere	7.863333333333333	0.05507570547286116	3	4.280994559744088	1682162.0	3	14.335591023262042	261.0075307
5	45	Surface	8.0		1	6.05571879949082	603083.0	1	13.30981176949008	261.0075307
5	46	Rhizosphere	8.066666666666668	0.020816659994660848	3	5.802530513214378	1341555.0	3	14.10934069229261	281.5198373
5	47	Rhizosphere	8.24	0.04000000000000026	3	6.313800049425205	1723806.0	3	14.360045774983107	301.7956702
5	48	Deep	8.396666666666667	0.025166114784236235	3	5.2469388584812	1905819.0	3	14.460422920121777	325.4860432
5	48	Rhizosphere	8.31		1	5.110546220601828	951132.0	1	13.765409184535578	325.4860432
5	49	Deep	8.45		1	4.892507637722977	734681.0	1	13.50719303151241	346.9345123
5	50	Rhizosphere	8.26		1	6.052954006202184	549271.0	1	13.216349044064629	361.0995833
5	51	Rhizosphere	8.3	0.02828427124746318	2	5.347137579313924	694828.0	2	13.451421051107877	370.4731391
5	53	Rhizosphere	8.23		1	2.159099743715343	552895.0	1	13.222925197718556	399.3720026
5	54	Rhizosphere	8.406666666666666	0.02516611478423506	3	5.596623051644329	1497428.0	3	14.219260195493817	421.7455418
5	55	Deep	8.43		1	4.559510369413079	697209.0	1	13.454841935611775	425.5232533
5	55	Rhizosphere	8.436666666666667	0.0450924975282295	3	5.281497874447619	3104669.0	3	14.94841798750834	425.5232533
5	55	Surface	8.425	0.03535533905932725	2	4.820275506290721	777043.0	2	13.563252255803105	425.5232533
5	57	Rhizosphere	8.04	0.014142135623732533	2	4.947992505364931	1012376.0	2	13.827811589101877	464.8588197
5	58	Rhizosphere	8.323333333333332	0.03055050463303935	3	5.46351485907842	1372976.0	3	14.13249193297105	481.5214344
5	60	Rhizosphere	8.25	0.014142135623730649	2	5.4585301113920455	1430117.0	2	14.173267516314228	496.6102363
