sample	weighted_NSTI
e0325_10Dr2	0.2472994661158766
e0326_10PRr2	0.1523058611751946
e0327_10Sr2	0.2039619017004615
e0328_10Sr3	0.1514621494793029
e0329_11Dr3	0.1304105788196569
e0330_11PRr3	0.1170079252422085
e0331_11Sr2	0.1787022080789416
e0332_12PRr1	0.1574542424217717
e0333_12PRr3	0.2705128114913364
e0334_12Sr1	0.2519790439836168
e0335_12Sr3	0.1290835492093952
e0336_13Dr1	0.2818326810460777
e0337_13Dr3	0.1144236219946559
e0338_13Sr2	0.1291656994318513
e0339_14Dr1	0.1864233823598716
e0340_14Dr3	0.133172653090041
e0341_14PRr1	0.0801487566770307
e0342_14PRr2	0.1196169815153594
e0343_14Sr2	0.1216769070426094
e0344_15Dr1	0.3008444177939781
e0345_15Dr3	0.288037596120228
e0346_15PRr1	0.151892971456988
e0347_15PRr2	0.1296189833951577
e0348_15PRr3	0.1345621764539626
e0349_15Sr1	0.164659728859822
e0350_15Sr3	0.2090176368761052
e0351_16Dr1	0.1908869921962246
e0352_16Dr3	0.1926410110869404
e0353_16PRr2	0.1050274144660686
e0354_16PRr3	0.0805719121007882
e0355_16Sr1	0.0815555470690367
e0356_17Dr1	0.2459575363950554
e0357_17Dr3	0.232554963938417
e0358_17PRr2	0.100009070547669
e0359_18PRr1	0.0957444867614607
e0360_18PRr2	0.0449317266135105
e0361_18Sr1	0.142876868185827
e0362_18Sr2	0.1440748051951765
e0363_19Dr2	0.1650947333818078
e0364_1Dr1	0.2413459007597095
e0365_1Dr2	0.2824281485752932
e0366_1PRr2	0.2478028292664122
e0367_1PRr3	0.2593515658505697
e0368_1Sr1	0.1297575275995761
e0369_1Sr3	0.1313963696814418
e0370_20Dr2	0.1250494521966186
e0371_20PRr1	0.1417496462004183
e0372_20PRr2	0.1990228898148134
e0373_21Dr1	0.2452743195281735
e0374_21Sr1	0.178092915576334
e0375_21Sr2	0.1747368630687451
e0376_22Dr1	0.2190133570037517
e0377_22Dr2	0.217369511943095
e0378_22PRr1	0.139201638361289
e0379_22PRr3	0.1286150139752911
e0380_23Dr1	0.2558422746194728
e0381_23Sr2	0.120737913489345
e0382_24Dr1	0.2071350658649558
e0383_24Dr2	0.2073863600183887
e0384_24PRr2	0.1295345
e0385_25Dr1	0.199402941973297
e0386_25Dr3	0.2245984252740252
e0387_25PRr2	0.0774077606008493
e0388_25Sr1	0.200872755988629
e0389_25Sr2	0.1974320914114026
e0390_26Dr1	0.1753656942800665
e0391_26Dr2	0.1462119716150275
e0392_26Dr3	0.1623021691883389
e0393_26PRr2	0.0988985448198836
e0394_26PRr3	0.1035488846039999
e0395_26Sr2	0.1388884238824341
e0396_26Sr3	0.1359268369549665
e0397_27Dr1	0.2678501438411886
e0398_27Dr3	0.2686126445626078
e0399_27PRr1	0.1067171942532473
e0400_27PRr2	0.1027131430451977
e0401_27Sr2	0.1141432059601465
e0402_27Sr3	0.1224216260773111
e0403_28Dr1	0.3388130444944042
e0404_28Dr3	0.3355378478261325
e0405_28PRr3	0.1459794912091531
e0406_28Sr2	0.1382534841857137
e0407_28Sr3	0.1576559479756057
e0408_29Dr1	0.2437617431335668
e0409_29Dr2	0.2640226205903772
e0410_29Dr3	0.2761696332721828
e0411_29PRr1	0.2505600773736766
e0412_29PRr3	0.2475072539241739
e0413_29Sr1	0.2258750045453279
e0414_2Dr1	0.2534901527636612
e0415_2Dr3	0.2479350403146002
e0416_2PRr2	0.0978303860166114
e0417_2Sr3	0.1366113892934734
e0418_30Dr1	0.2287677759337494
e0419_30PRr1	0.1911622527659154
e0420_30PRr3	0.1150662879779159
e0421_30Sr1	0.1470285413033465
e0422_30Sr3	0.1611967920593019
e0423_31Dr2	0.3185658627608241
e0424_31PRr2	0.0973275011292388
e0425_31PRr3	0.1206698501092889
e0426_31Sr2	0.1868741077323528
e0427_32PRr2	0.3512657970007256
e0428_33Dr2	0.1434898843183033
e0429_33PRr1	0.1826089497603782
e0430_33PRr2	0.1285492863457363
e0431_33Sr1	0.2041385516162607
e0432_34Dr2	0.2142022443905941
e0433_34PRr1	0.1679576481306795
e0434_34PRr3	0.1749054801126414
e0435_34Sr1	0.1825299569558835
e0436_34Sr3	0.1769516800863965
e0437_35Dr2	0.2852097911578578
e0438_35Dr3	0.2777744205699881
e0439_35Sr2	0.1631535869269188
e0440_36Dr2	0.3510778509553925
e0441_36Dr3	0.3447817456241084
e0442_36Sr3	0.2050071930801228
e0443_37Dr2	0.217979586951239
e0444_37Dr3	0.2216678666716456
e0445_37PRr2	0.1274734745132785
e0446_37PRr3	0.1075555457600036
e0447_37Sr1	0.1878155292993399
e0448_37Sr2	0.1908089063274832
e0449_38Dr2	0.2278008856145303
e0450_38Dr3	0.2343300892700855
e0451_38PRr2	0.1381382602489033
e0452_38Sr2	0.2198572438994507
e0453_39Dr2	0.0801816882513754
e0454_39PRr1	0.1457993920446124
e0455_39PRr3	0.1303010065185577
e0456_39Sr3	0.1700269409426135
e0457_3Dr2	0.2055868488664424
e0458_3PRr1	0.1314645466192491
e0459_3PRr3	0.0530664567165883
e0460_40Dr1	0.1978609109147298
e0461_40Dr2	0.1840893400568894
e0462_40PRr2	0.18138771009957
e0463_41PRr2	0.2737969044999409
e0464_42Dr1	0.251839974692327
e0466_42PRr1	0.1164109127655687
e0467_42PRr2	0.1196119691033961
e0468_42Sr1	0.1862335838898529
e0469_42Sr2	0.1580841385064512
e0470_43Dr1	0.1796429402903503
e0471_43Dr2	0.1541553015713644
e0472_43PRr2	0.169973267624295
e0473_43Sr2	0.1658747880240398
e0474_44Dr2	0.1851861888923094
e0475_44PRr3	0.1800474738744879
e0476_45Dr3	0.3032325925718799
e0477_45PRr2	0.1731987126335835
e0478_46PRr1	0.1523558730477515
e0480_47Dr2	0.2139442809286364
e0481_47Dr3	0.2646638007718146
e0482_47PRr1	0.1654803187123119
e0483_47Sr1	0.284081037901722
e0484_48Dr2	0.1411626757165771
e0486_48Sr2	0.2133686518443048
e0487_49Dr2	0.1676030872379356
e0488_49Sr2	0.2161171008414049
e0489_49Sr3	0.1899313545608282
e0490_4Dr3	0.1907543633976493
e0491_4PRr1	0.1411032253082001
e0492_4PRr2	0.1588203929189041
e0493_4PRr3	0.1614301839428352
e0494_4Sr1	0.1243657235095962
e0495_50Dr1	0.1395864505432122
e0496_50Dr2	0.2748483621466434
e0497_50PRr2	0.2085650450771531
e0498_50Sr1	0.2753587981388925
e0499_50Sr3	0.2875138105822882
e0500_51Dr1	0.2078278505888197
e0501_51Dr3	0.2595830100453962
e0502_51PRr3	0.0838487078614634
e0503_52Dr1	0.0924839534052017
e0504_53Dr2	0.6873612329153249
e0505_53Dr3	0.1807531505946519
e0506_53PRr2	0.2096190504975454
e0507_54PRr1	0.2810890162000796
e0508_54PRr2	0.3099297947147834
e0509_54PRr3	0.1559417131393182
e0510_54Sr1	0.2512078970345963
e0511_54Sr2	0.0957754472654587
e0512_54Sr3	0.2966712342623657
e0513_55Dr2	0.128993826346369
e0514_55PRr3	0.0867832865904175
e0515_55Sr3	0.1299629035081952
e0516_56Dr1	0.1155793123881306
e0517_56Dr3	0.181014959312704
e0518_56Sr1	0.0985549917269285
e0519_56Sr3	0.1136110642616514
e0520_57Dr3	0.2817394674037777
e0521_57PRr3	0.0726673949608334
e0522_58PRr1	0.1999423148072463
e0523_58Sr2	0.1826056370689542
e0524_58Sr3	0.1766750693966227
e0525_59PRr3	0.1742366455619866
e0526_5Dr1	0.2109138290004488
e0527_5Sr1	0.140507734903866
e0528_5Sr3	0.1780711415966155
e0529_60Sr3	0.199418395050638
e0530_62PRr2	0.1647723696899363
e0531_62Sr3	0.1936329454383806
e0532_63PRr3	0.1628349424490442
e0533_63Sr3	0.1868485917734938
e0534_64Dr3	0.2099600635039268
e0535_64PRr2	0.0814177019659538
e0536_64PRr3	0.1026282506282582
e0537_64Sr1	0.1829303201699817
e0538_64Sr2	0.1925768888781702
e0539_64Sr3	0.1504884516845184
e0540_6Dr1	0.3118576928062933
e0541_6PRr2	0.1042842489587573
e0542_6Sr2	0.0976805674118503
e0543_7Sr1	0.1735442371443369
e0544_7Sr2	0.1623171134179851
e0545_8Sr3	0.1516608987327795
e0546_9Dr1	0.358961795522403
e0547_9Dr3	0.320233733462672
e0548_9PRr2	0.1471891612159777
e0549_9PRr3	0.2680068483511817
e0550_9Sr1	0.1843859315457627
e0551_9Sr2	0.1722393809382675
e0552_9Sr3	0.1832576540288741
e0592_S22PRr1	0.3936993772227952
e0593_S22Sr1	0.2372193843504231
e0594_S22Dr1	0.2811578647886333
e0595_S28PRr1	0.2317854296206035
e0596_S28Sr1	0.2548576693022652
e0597_S28Dr2	0.2522911556663781
e0598_S35PRr1	0.1971987248093555
e0599_S35Sr1	0.252701102111582
e0600_S35Dr1	0.363463696043431
e0601_S43PRr1	0.0608293383125231
e0602_S43Sr1	0.2598928372916322
e0603_S43Dr1	0.2675845612257359
e0604_S53PRr1	0.1669482489683446
e0605_S53Sr1	0.0943086633731977
e0606_S53Dr1	0.2979330959418997
e0607_S46PRr1	0.1946535193715064
e0608_S46Sr1	0.1585223347270243
e0609_S46Dr1	0.2731740015922285
e0610_S47PRr1	0.2125885110191092
e0611_S47Sr1	0.2591365579774588
e0612_S47Dr1	0.3077620490771454
e0613_S58PRr1	0.1644496874491813
e0614_S58Sr1	0.1931114264247247
e0615_S58Dr1	0.1060961453116107
e0616_S13PRr1	0.2505384668681655
e0617_S13Sr1	0.3170572482605293
e0618_S13Dr1	0.3073258413474345
e0619_S25PRr1	0.1548360935710727
e0620_S25Sr1	0.1649763567430652
e0621_S25Dr1	0.1483356624134495
e0622_S54PRr1	0.3707236868426998
e0623_S54Sr1	0.0253788917856674
e0624_S54Dr1	0.4329806001281703
e0625_S55PRr1	0.0527011634222516
e0626_S55Sr1	0.1864321039244398
e0627_S55Dr1	0.2347863211962292
e0628_S44PRr1	0.2362326734174588
e0629_S44Sr1	0.2923985737744451
e0630_S44Dr1	0.2865026673541745
e0631_S38PRr1	0.1747133956596838
e0632_S38Sr1	0.1697281170983012
e0633_S38Dr1	0.324036589219578
e0634_S41PRr1	0.1103225602238301
e0635_S41Sr1	0.2302342627685556
e0636_S41Dr1	0.285642782689899
e0637_S33PRr1	0.3198149028616978
e0638_S33Sr1	0.1597202236486843
e0639_S33Dr1	0.3045293896644163
e0640_S2Sr1	0.1239923621923017
e0641_S2Dr1	0.2832499048672061
e0642_S27PRr1	0.1622207338404203
e0643_S27Sr1	0.1975099972647182
e0644_S27Dr1	0.2509218221540905
e0645_S51PRr1	0.1049104128941368
e0646_S51Sr1	0.3776072287855974
e0647_S51Dr1	0.3270143260691888
e0648_S16PRr1	0.1528031434309668
e0649_S16Sr1	0.2469660890838993
e0650_S16Dr1	0.2395052421431502
e0651_S56PRr1	0.2647501244492055
e0652_S56Sr1	0.1270621948480301
e0653_S56Dr1	0.1033499205602341
e0654_S57PRr1	0.1055063435010379
e0655_S57Sr1	0.2635856483231418
e0656_S57Dr1	0.3455991207072297
e0657_S60PRr1	0.1806762445364135
e0658_S60Sr1	0.0307743505714683
e0659_S60Dr1	0.2623242107989437
e0660_S37PRr1	0.1824311964067326
e0661_S37Sr1	0.1591518866191286
e0662_S37Dr1	0.1596466859627886
e0663_S49PRr1	0.3615624019891352
e0664_S49Sr1	0.1863956219154182
e0665_S49Dr1	0.2117211966780813
e0666_S45PRr1	0.2607727902747022
e0667_S45Sr1	0.3236731643097656
e0668_S45Dr1	0.2964582159658095
e0669_S59PRr1	0.0649486490972205
e0670_S59Sr1	0.1128045539781921
e0671_S59Dr1	0.0726931230952894
e0672_S4PRr1	0.1611544598036649
e0673_S4Sr1	0.171186753384401
e0674_S4Dr1	0.1777630169208801
e0675_S8PRr1	0.2089428189598898
e0676_S8Sr1	0.2513818869630003
e0677_S8Dr1	0.1986169446609832
e0678_S11PRr1	0.180113571682451
e0679_S11Sr1	0.2343358478168113
e0680_S11Dr1	0.3243530658573473
e0681_S36Sr1	0.1586780495036142
e0682_S36PRr1	0.1248392840978354
e0683_S36Dr1	0.304547044384387
e0685_S6PRr1	0.1929104397525717
e0686_S6Sr1	0.2030067364217802
e0687_S6Dr1	0.2210047281948738
e0688_S9PRr1	0.1269609027907727
e0689_S9Sr1	0.1750256268172265
e0690_S9Dr1	0.1482214564853383
e0691_S12PRr1	0.186364503041899
e0692_S12Sr1	0.1988523472924639
e0693_S12Dr1	0.2377030753143633
e0694_S15PRr1	0.2639072751242275
e0695_S15Sr1	0.2504829669820023
e0696_S15Dr1	0.2559220144043087
e0697_S17PRr1	0.1835582093395993
e0698_S17Sr1	0.2193388225604058
e0699_S17Dr1	0.259719404394846
e0700_S23PRr1	0.2646555874043267
e0701_S23Sr1	0.2157472888171414
e0702_S23Dr1	0.3413455931568187
e0703_S29PRr1	0.2802916976230658
e0704_S29Sr1	0.2004263793394758
e0705_S29Dr1	0.2836690786561481
e0706_S30PRr1	0.170883142705596
e0707_S30Sr1	0.2626399596809799
e0708_S30Dr1	0.2942055485811932
e0709_S3PRr1	0.2362674530470511
e0710_S3Sr1	0.2743421189963108
e0711_S3Dr1	0.3283508062277382
e0712_S7PRr1	0.1598168247913065
e0713_S7Sr1	0.2530605308701593
e0714_S7Dr1	0.2888727107968638
e0715_S14PRr1	0.1370489945995842
e0716_S14Sr1	0.3064781848585811
e0717_S14Dr1	0.2516015556536398
e0718_S21PRr1	0.0923078893852189
e0719_S21Sr1	0.1763439555174745
e0720_S21Dr1	0.2119781824790631
e0721_S31PRr1	0.1482160431252775
e0722_S31Sr1	0.2906883202308049
e0723_S31Dr1	0.3468856057118054
e0724_S48PRr1	0.2367954896159967
e0725_S48Sr1	0.2029352130860546
e0726_S48Dr1	0.0532312565592812
e0727_S32PRr1	0.1278898471051689
e0728_S32Sr1	0.2931304553491801
e0729_S32Dr1	0.2770830746919777
e0730_S39PRr1	0.1768022965877325
e0731_S39Sr1	0.1639306745178798
e0732_S39Dr1	0.3159493292180165
e0733_S50PRr1	0.1418789340182829
e0734_S50Sr1	0.354393304506022
e0735_S50Dr1	0.2841482097226747
e0736_S1PRr1	0.0657852710644259
e0737_S1Sr1	0.1127348766445813
e0738_S1Dr1	0.1432883951459319
e0739_S5PRr1	0.2081272917082656
e0740_S5Sr1	0.1443353409787338
e0741_S5Dr1	0.2065495118520654
e0742_S10PRr1	0.0613647047113501
e0743_S10Sr1	0.1785696459769715
e0744_S10Dr1	0.2101178139588792
e0745_S20PRr1	0.1744516626110147
e0746_S20Sr1	0.2173982471780842
e0747_S20Dr1	0.2442244512194825
e0748_S24PRr1	0.2321574596952601
e0749_S24Sr1	0.2481130808880353
e0750_S24Dr1	0.3196516555526459
e0751_S34PRr1	0.1040660594869072
e0752_S34Sr1	0.1410477753832705
e0754_S40Sr1	0.3344273676543874
e0755_S40Dr1	0.3475131165614026
e0756_S52PRr1	0.1617472070765976
e0757_S52Sr1	0.0718865035645231
e0758_S52Dr1	0.0900646830703274
e0759_S19PRr1	0.2071330927626549
e0760_S19Sr1	0.2431861678779835
e0761_S19Dr1	0.2631571727462899
e0762_S26PRr1	0.0743415506738279
e0763_S26Sr1	0.2010393726839323
e0764_S26Dr1	0.1879609927113012
e0765_S42PRr1	0.1867600705357128
e0766_S42Sr1	0.2359628501389321
e0767_S42Dr1	0.5626602194868802
e0775_F15PRr1	0.1197774581252234
e0776_F20Sr3	0.1979658379647994
e0777_F24PRr3	0.1853839582103576
e0778_F31Sr2	0.2273107320677113
e0779_F31Sr3	0.1981098893334322
e0780_F33Dr1	0.3711133455237463
e0781_F34Sr1	0.180175424026416
e0782_F40Dr3	0.1903928689854047
e0784_F41Dr3	0.4985845802539312
e0785_F43Dr1	0.2283233654969065
e0786_F43Sr2	0.0852211500872233
e0787_F47PRr1	0.086955973853577
e0788_F48PRr3	0.2147677637833219
e0789_F51Sr3	0.1573549183066654
e0790_F52Sr2	0.1425037029588113
e0791_F55Sr1	0.3861303165561802
e0792_F56Sr2	0.0276929950859868
e0793_F56Sr3	0.058160881438808
e0794_F57Dr1	0.0958223816294073
e0795_F57Sr3	0.0256142437666667
e0796_F58Dr1	0.1566910268330751
e0797_F58Sr3	0.2067988967633409
e0798_F59Dr2	0.1677402374112675
e0799_F59PRr1	0.1822903038691757
e0800_F59Sr3	0.1474623947798437
e0801_F60PRr1	0.2414754342125949
e0802_F60PRr2	0.4839676054521763
e0803_F60Sr3	0.2605841904292164
e0804_T1Dr1	0.107029997904929
e0805_1Dr3	0.2131169313196971
e0806_1Sr2	0.1060579543430338
e0807_2Dr2	0.1295818274909417
e0808_2Sr1	0.0941732117947892
e0809_2PRr1	0.0863186374602926
e0810_3Dr3	0.1641826273904717
e0811_3Sr1	0.1317288376014636
e0812_3PRr2	0.0721227674043484
e0813_4Dr1	0.1495816798329033
e0814_5Dr2	0.1686161247138261
e0815_5Sr2	0.1187844740449894
e0816_6Dr3	0.1438611443074482
e0817_6Sr1	0.160146230423211
e0818_6PRr1	0.0964689085635903
e0819_7Dr1	0.1708721608260891
e0821_7PRr2	0.1055288313868284
e0822_8Sr2	0.1973175410587679
e0823_8PRr1	0.2340136975075101
e0824_8PRr2	0.2587642084026653
e0825_11PRr1	0.1048766423617371
e0826_12Sr2	0.1381656542301619
e0827_14Dr2	0.0703930298780886
e0828_16PRr1	0.0889189516789721
e0829_17Dr2	0.2173583396567131
e0830_17Sr1	0.1005248628832058
e0831_17Sr2	0.1612416800738288
e0832_17Sr3	0.1504725639224709
e0833_17PRr3	0.1886476369881848
e0834_18Dr2	0.1986388006284005
e0835_21Sr3	0.1637898658669982
e0836_22Dr3	0.2182029078005176
e0837_23Dr3	0.2424468296512593
e0838_23Sr3	0.1696809498850854
e0839_23PRr1	0.0953648577651664
e0840_24Sr2	0.0594875290217269
e0841_26Sr1	0.1627226054266976
e0842_27Dr2	0.1156951680496091
e0843_28Sr1	0.1329780328386318
e0844_28PRr1	0.1216852811690629
e0845_30Sr2	0.16923314557823
e0846_31Sr3	0.1658014108696398
e0847_32Dr3	0.0585669677419355
e0848_33Dr3	0.1405241325561551
e0849_35PRr3	0.1274479339256126
e0850_36Sr2	0.1800352805365257
e0851_38PRr3	0.1692479813326588
e0852_39Dr3	0.1759774553828613
e0853_39PRr2	0.1233857014397206
e0854_41Dr1	0.7818885388477383
e0855_42Sr3	0.1612341470911902
e0856_48PRr3	0.268749
e0857_50Sr2	0.2675047226525897
e0858_53Sr3	0.2459077187611923
e0859_53PRr1	0.5228979816122302
e0860_55Sr1	0.0485928615207911
e0861_61Sr2	0.1340639826579515
e0862_T2Dr2	0.0998665154262466
e0863_T2PRr1	0.0788035027052623
e0864_T3Dr2	0.1372477611509457
e0865_T5Sr3	0.1682095933895607
e0866_T6PRr2	0.0923635588389213
e0867_T7PRr2	0.1064234741841352
e0868_T8Dr1	0.3931893876667382
e0869_T8PRr1	0.2777802913173846
e0873_F1PRr2	0.055855509913248
e0876_S18PRr1	0.0782170414681022
e0877_S18Sr1	0.1949066931708931
e0878_S18Dr1	0.2223043179791058
e0880_3Sr3	0.1448386393982107
e0881_4Dr2	0.1857400156108409
e0882_7Dr2	0.331759749376473
e0883_8PRr3	0.3566330337257024
e0884_10PRr3	0.2718748703448472
e0885_11Dr1	0.2806350510805611
e0886_11PRr2	0.120857295897967
e0887_12Dr2	0.1289738854612739
e0888_12Dr3	0.2615597767046375
e0889_19Dr3	0.1162496765598964
e0890_19Sr1	0.0825452411749888
e0891_19Sr3	0.0833116229198912
e0892_20Dr1	0.1497115564002183
e0893_20Sr1	0.0597245876644706
e0894_20Sr3	0.0773454365226422
e0895_22Sr1	0.1871337941791122
e0896_22Sr3	0.1868665006178513
e0897_23PRr2	0.1432902430862746
e0898_23PRr3	0.1692622899355218
e0899_23Sr1	0.1678986778738173
e0900_24Sr1	0.1731935890221989
e0901_29PRr2	0.261550048860889
e0902_29Sr2	0.2266963307079907
e0903_32PRr1	0.2983424639043416
e0904_32PRr3	0.2786348522751479
e0905_33Dr1	0.1790825521343259
e0906_33Sr2	0.236594796736374
e0907_34Dr3	0.2224531599653971
e0908_35PRr1	0.264789125802278
e0909_35Sr1	0.1624656317346512
e0910_36Sr1	0.1102250093626133
e0911_38Sr3	0.2197578170988644
e0912_40PRr3	0.1869495118412759
e0913_43Sr1	0.1798662794193849
e0914_44PRr2	0.1606480618055032
e0915_45Dr1	0.1825610666785408
e0916_45Sr1	0.3069231604688199
e0917_46Dr1	0.3363884108286103
e0918_46Sr3	0.1370905444571886
e0919_49PRr2	0.2028673474232846
e0920_51Sr2	0.1366939111381653
e0921_50PRr1	0.2276324645395353
e0922_54Dr1	0.3245754507897209
e0923_54Dr2	0.3816121773517976
e0924_55PRr1	0.0660805970207468
e0925_57PRr1	0.1449673427077091
e0926_57Sr2	0.1240614711457718
e0927_60Dr2	0.2106256474536282
e0928_60Dr3	0.2650259688284295
e681_T1Dr1	0.1115053361568862
e683_T4PRr1	0.1341612667997521
e695_T6Dr2	0.1387666955253052
e705_T5PRr1	0.2457700610636816
e707_T7Dr3	0.2264239244664991
e717_T6PRr3	0.1154047936905358
e719_T8Sr3	0.2271634296049946
e729_T8Dr3	0.1106103492279284
e730_T6Dr1	0.1638117769484243
e734_T5Sr2	0.2240309582982677
e740_T6Sr3	0.3417954224810041
e743_T4PRr2	0.1060053095131755
e744_T8PRr3	0.1784625390681514
e752_T7PRr1	0.084997
e753_T4Sr1	0.2157348669126726
e756_T2PRr3	0.1227036243577511
e758_T7PRr3	0.303602537283355
e767_T1PRr3	0.158565093393378
e768_T5Sr1	0.1288893242277404
e8287_F1Dr1	0.005325
e8288_F1Dr2	0.1587614045665031
e8289_F1Dr3	0.1985692678097396
e8290_F1Sr1	0.1706513766232025
e8291_F1Sr2	0.1886449220502791
e8292_F1Sr3	0.3159226043300145
e8293_F1PRr1	0.34176793381704
e8295_F1PRr3	0.0966740025553638
e8296_F2Dr1	0.314812047742538
e8297_F2Dr2	0.3554817504781788
e8298_F2Dr3	0.3451433113524172
e8299_F2Sr1	0.2715167056709003
e8300_F2Sr2	0.316899951840888
e8301_F2Sr3	0.2917037996945606
e8302_F2PRr1	0.1469895802042498
e8303_F2PRr2	0.1688039135868186
e8304_F2PRr3	0.1608061320665782
e8305_F3Dr1	0.2518496539660033
e8306_F3Dr2	0.2298878764315296
e8307_F3Dr3	0.2330699179049097
e8308_F3Sr1	0.1975407699763691
e8309_F3Sr2	0.1927439714480246
e8310_F3Sr3	0.2064222057046562
e8311_F3PRr1	0.1995224799927714
e8312_F3PRr2	0.0935141675513757
e8313_F4Dr1	0.2512986417159303
e8314_F4Dr2	0.355229992283814
e8315_F4Sr1	0.1774589563253272
e8316_F4Sr2	0.1648089040812849
e8317_F4Sr3	0.1753129509795228
e8318_F4PRr1	0.1889077012245063
e8319_F4PRr2	0.2730519177143589
e8320_F5Dr2	0.2971760764479723
e8321_F5Dr3	0.3172661623263146
e8322_F5Sr1	0.1824993842517716
e8323_F5Sr2	0.1856737370479796
e8324_F5Sr3	0.1656670112964709
e8325_F5PRr2	0.1830317170663831
e8326_F6Dr1	0.1835690990059104
e8327_F6Sr1	0.1937499069857751
e8328_F6Sr2	0.2099430154308379
e8329_F6Sr3	0.1889491744287647
e8330_F6PRr1	0.228599759398841
e8331_F6PRr2	0.2137800417614074
e8332_F6PRr3	0.2277605314851655
e8333_F7Dr1	0.1512085781092053
e8334_F7Dr2	0.1728024976993999
e8335_F7Dr3	0.16510907501891
e8336_F7Sr1	0.1540315303218414
e8337_F7Sr2	0.1509190804007052
e8338_F7Sr3	0.1529695717253711
e8339_F7PRr1	0.1898645064919094
e8340_F7PRr2	0.1338982599966353
e8341_F7PRr3	0.1488757328924591
e8342_F8Dr1	0.1383360544206443
e8343_F8Dr2	0.1693081624506475
e8344_F8Dr3	0.1826108824894668
e8345_F8Sr1	0.2476577765595237
e8346_F8Sr2	0.2343546806608859
e8347_F8Sr3	0.2237111272203751
e8348_F8PRr1	0.1912481107876083
e8349_F8PRr2	0.1522329544155356
e8350_F8PRr3	0.1706197024019154
e8351_F9Dr1	0.167082952180104
e8352_F9Dr2	0.1738540158283514
e8353_F9Dr3	0.1413056568946919
e8354_F9Sr1	0.1658956031759633
e8355_F9Sr2	0.147968524262383
e8356_F9Sr3	0.1622001009554589
e8357_F9PRr1	0.0674216144818428
e8358_F9PRr2	0.1438296602854505
e8359_F9PRr3	0.1306122891622411
e8360_F10Dr1	0.1163454763383808
e8361_F10Dr2	0.1325192978598857
e8362_F10Dr3	0.1386987765176761
e8363_F10Sr1	0.1584581330860428
e8364_F10Sr2	0.1670356730149236
e8365_F10Sr3	0.1535643383745804
e8366_F10PRr1	0.0693337819779053
e8367_F10PRr2	0.1014386398002984
e8368_F11Dr1	0.2193264306437891
e8369_F11Dr2	0.2028312995250354
e8370_F11Dr3	0.1984703578106999
e8371_F11Sr1	0.0729394096508746
e8372_F11Sr2	0.1901349802642799
e8373_F11Sr3	0.1839353931475531
e8374_F1PRr2	0.0942103581971537
e8375_F11PRr1	0.1590111667117044
e8376_F12Sr3	0.1915520981493376
e8377_F13Sr2	0.1656553247893846
e8378_F14Sr1	0.1773111498799029
e8379_F15Dr3	0.1634370853578759
e8380_F16Dr2	0.2029490703435068
e8381_F17Dr1	0.1274200857362556
e8382_F17PRr3	0.1296112994170716
e8383_F18PRr2	0.1100324545499489
e8384_F19PRr1	0.1109323328995614
e8385_F20Sr3	0.2012775815649956
e8386_F21Sr2	0.1758133552074325
e8387_F11PRr2	0.1718105599533288
e8388_F12PRr1	0.1490339805895066
e8389_F13Sr3	0.1763514020320862
e8390_F14Sr2	0.1648398278248931
e8391_F15Sr1	0.1212348113696497
e8392_F16Dr3	0.2120269304605191
e8393_F17Dr2	0.2114868686595938
e8394_F18Dr1	0.2109399979160942
e8395_F18PRr3	0.0755071867795865
e8396_F19PRr2	0.0945228749972365
e8397_F20PRr1	0.2285852701168953
e8398_F21Sr3	0.5265431583018904
e8399_F11PRr3	0.1155955836020103
e8400_F12PRr2	0.1457033399310906
e8401_F13PRr1	0.1684750095490256
e8402_F14Sr3	0.1551393146374935
e8403_F15Sr2	0.1306611077228043
e8404_F16Sr1	0.1854108401223914
e8405_F17Dr3	0.2250606493197543
e8406_F18Dr2	0.1745545592786317
e8407_F19Dr1	0.1756201460717515
e8408_F19PRr3	0.0983394835768314
e8409_F20PRr2	0.2448932355422852
e8410_F21PRr1	0.2082999244843897
e8411_F12Dr1	0.3215067590500229
e8412_F12PRr3	0.0960679504062542
e8413_F13PRr2	0.1661216877218278
e8414_F14PRr1	0.1077639680283734
e8415_F15Sr3	0.1147024405627704
e8416_F16Sr2	0.1850713529382987
e8417_F17Sr1	0.2682190519994423
e8418_F18Dr3	0.2697447707774414
e8419_F19Dr2	0.1809218773598671
e8420_F20Dr1	0.3062421383243707
e8421_F20PRr3	0.2330290135847045
e8422_F21PRr2	0.4931373574910595
e8423_F12Dr2	0.3199610850796794
e8424_F13Dr1	0.2011225835529668
e8425_F13PRr3	0.1996067204644731
e8426_F14PRr2	0.0980849525021037
e8427_F15PRr1	0.1299314835676092
e8428_F16Sr3	0.1819516094606856
e8429_F17Sr2	0.2554054948177178
e8430_F18Sr1	0.1804890809508647
e8431_F19Dr3	0.1783825547139187
e8432_F20Dr2	0.3206093072022785
e8433_F21Dr1	0.3442653633556616
e8434_F21PRr3	0.4497502911338812
e8435_F13Dr2	0.2112897883741408
e8436_F14Dr1	0.1610530549700305
e8437_F14PRr3	0.0925223638223825
e8438_F15PRr2	0.1520379125454303
e8439_F16PRr1	0.1933652745492147
e8440_F17Sr3	0.2677351445655196
e8441_F18Sr2	0.1461571718810209
e8442_F19Sr1	0.145587355788767
e8443_F20Dr3	0.3819952585120043
e8444_F21Dr2	0.34236641950544
e8445_F22Dr1	0.2410761916085352
e8446_F13Dr3	0.1836063868191337
e8447_F14Dr2	0.1840679233994696
e8448_F15Dr1	0.142197629875122
e8449_F15PRr3	0.1219544481538207
e8450_F16PRr2	0.1820088838018683
e8451_F17PRr1	0.1171365209738277
e8452_F18Sr3	0.1763301723937363
e8453_F19Sr2	0.1406027609936152
e8454_F21Dr3	0.3546792478229875
e8455_F22Dr2	0.2730986820080038
e8456_F12Sr2	0.2046352920214776
e8457_F13Sr1	0.1739314367738119
e8458_F14Dr3	0.1957065399453667
e8459_F15Dr2	0.1341462837521611
e8460_F16Dr1	0.1974752341312536
e8461_F16PRr3	0.1657446887084437
e8462_F17PRr2	0.122509918354612
e8463_F18PRr1	0.062315739316831
e8464_F19Sr3	0.1707774840077364
e8465_F20Sr2	0.1956886032577895
e8466_F21Sr1	0.5028295907035051
e8467_F22Dr3	0.2541925799368191
e8468_F22Sr1	0.1107924223545487
e8469_F23Dr3	0.265291639011733
e8470_F24Dr2	0.2043813186397302
e8471_F25Dr1	0.1735266501424623
e8472_F25PRr3	0.0735323290784433
e8473_F26PRr2	0.1494980495798184
e8474_F27PRr1	0.0704166750572979
e8475_F28Sr3	0.2041150011437432
e8476_F29Sr2	0.0976100747512744
e8477_F30Sr1	0.1568654827844842
e8478_F32Dr2	0.3232137070615012
e8479_F22Sr2	0.2540980308958456
e8480_F23Sr1	0.2648134950841492
e8481_F25Dr2	0.1838410681975916
e8482_F26Dr1	0.2897019601686296
e8483_F26PRr3	0.1306480224501196
e8484_F27PRr2	0.045119129484816
e8485_F28PRr1	0.104940390040993
e8486_F29Sr3	0.0972431285665542
e8487_F30Sr2	0.1613436849110739
e8488_F32Dr3	0.3290995934887264
e8489_F22Sr3	0.2624736397183558
e8490_F23Sr2	0.2605986775376392
e8491_F24Sr1	0.1227591768373237
e8492_F25Dr3	0.183430875815645
e8493_F27Dr1	0.2988479664513246
e8494_F27PRr3	0.0663822146957095
e8495_F28PRr2	0.1084077171090848
e8496_F29PRr1	0.0866857687431251
e8497_F30Sr3	0.1341613000816233
e8498_F31Sr2	0.2208521727427418
e8499_F32Sr1	0.2508164889290943
e8500_F22PRr1	0.2216055928182272
e8501_F23Sr3	0.2667182786531069
e8502_F24Sr2	0.1190702123993729
e8503_F25Sr1	0.0592899659942915
e8504_F26Dr3	0.2922520342183128
e8505_F27Dr2	0.2453582622290312
e8506_F28Dr1	0.232979005167325
e8507_F28PRr3	0.1161869039626112
e8508_F29PRr2	0.0614812067064326
e8509_F30PRr1	0.169574279553927
e8510_F31Sr3	0.1936261855310723
e8511_F32Sr2	0.2507341073797945
e8512_F22PRr2	0.2550423826494427
e8513_F23PRr1	0.1987784509767315
e8514_F24Sr3	0.156001617124658
e8515_F25Sr2	0.0594131965616455
e8516_F26Sr1	0.1637077572982712
e8518_F28Dr2	0.2476781830571308
e8519_F29Dr1	0.2678228766581591
e8520_F29PRr3	0.0631893573964088
e8521_F30PRr2	0.2128889877942805
e8522_F31PRr1	0.0997130421641758
e8523_F32Sr3	0.2658600075070635
e8524_F22PRr3	0.2232984585286973
e8525_F23PRr2	0.1830601265293541
e8526_F24PRr1	0.1427113149612604
e8527_F25Sr3	0.0664529425553849
e8528_F27Sr1	0.0868921617338016
e8529_F28Dr3	0.2514367003624324
e8530_F29Dr2	0.2460422911729053
e8531_F30Dr1	0.1535634161211904
e8532_F30PRr3	0.1945087438804132
e8533_F31PRr2	0.0993504429476656
e8534_F32PRr1	0.2459736686413697
e8535_F23Dr1	0.2388936235549598
e8536_F23PRr3	0.1638750181413903
e8537_F24PRr2	0.199931075444973
e8538_F25PRr1	0.0592290835597083
e8539_F26Sr3	0.1930995741515973
e8540_F27Sr2	0.1062796270359955
e8541_F28Sr1	0.1757683684831227
e8542_F29Dr3	0.1968658697837879
e8543_F30Dr2	0.1672591163434508
e8544_F31Dr1	0.2691627768971716
e8545_F31PRr3	0.1095369947422178
e8546_F32PRr2	0.2794912647923823
e8547_F23Dr2	0.2405770671243358
e8548_F24Dr1	0.2334190375869195
e8549_F24PRr3	0.1826073213568994
e8550_F25PRr2	0.0599083020187829
e8551_F26PRr1	0.1379655161932221
e8552_F27Sr3	0.1034297414212406
e8553_F28Sr2	0.1836296516526068
e8554_F29Sr1	0.0956819939537335
e8555_F30Dr3	0.1414960786747979
e8556_F31Dr2	0.2300310359934913
e8557_F32Dr1	0.3017635040789326
e8558_F32PRr3	0.2947817089142312
e8559_F33Dr1	0.3673519823833496
e8560_F33PRr3	0.2054641627820033
e8561_F34PRr2	0.2128022601217977
e8562_F35PRr1	0.1447871081850022
e8563_F37Sr2	0.1983739399222233
e8564_F38Sr1	0.2402952060521923
e8565_F39Dr3	0.1912198689547485
e8566_F40Dr2	0.1903313769518858
e8567_F42PRr2	0.1074977319058429
e8568_F33Dr2	0.3529768493462243
e8569_F34Dr1	0.1680528795025788
e8570_F34PRr3	0.1921153124100358
e8571_F35PRr2	0.1715634064460615
e8572_F36PRr1	0.0928399928445979
e8573_F37Sr3	0.2172582450685074
e8574_F38Sr2	0.2711690070801711
e8575_F39Sr1	0.1191653439723585
e8576_F40Dr3	0.1884005765403885
e8577_F42Dr1	0.1702759933897063
e8578_F42PRr3	0.1371113857964586
e8579_F33Dr3	0.3996740946459555
e8580_F34Dr2	0.1736239831125832
e8581_F35Dr1	0.2855112953353627
e8582_F35PRr3	0.1639008245521329
e8583_F36PRr2	0.0882262122093056
e8584_F37PRr1	0.0809537363430258
e8585_F38Sr3	0.2839093203348799
e8586_F39Sr2	0.1526682111815865
e8587_F40Sr1	0.177277811918278
e8588_F41Dr3	0.5068086182762899
e8589_F42Dr2	0.2646436923173705
e8590_F43Dr1	0.2238093908925238
e8591_F33Sr1	0.2381872592092842
e8592_F34Dr3	0.1775171918072133
e8593_F35Dr2	0.2803687355017445
e8594_F36Dr1	0.2460975109665017
e8595_F36PRr3	0.1079132208184897
e8596_F37PRr2	0.0703944203136877
e8597_F38PRr1	0.2177545429662267
e8598_F39Sr3	0.1471702089578522
e8599_F40Sr2	0.1856283074459538
e8600_F42Dr3	0.1794410838979473
e8601_F43Dr2	0.1446268004706089
e8602_F33Sr2	0.2212785801440117
e8603_F34Sr1	0.1773557128603035
e8604_F35Dr3	0.256683969044953
e8605_F36Dr2	0.2178062398836285
e8606_F37Dr1	0.2943953582049619
e8607_F37PRr3	0.0922919260532927
e8608_F38PRr2	0.2169761499551473
e8609_F39PRr1	0.094495959731198
e8610_F40Sr3	0.1675677625252897
e8611_F42Sr1	0.1244693638743429
e8612_F43Dr3	0.1645511320811081
e8613_F33Sr3	0.2003855811707605
e8614_F34Sr2	0.1835282416023276
e8615_F35Sr1	0.1288777402310651
e8616_F36Dr3	0.236667889763669
e8617_F37Dr2	0.1515970928683969
e8618_F38PRr3	0.2858541730635532
e8619_F40PRr1	0.1721016467457543
e8620_F42Sr2	0.1153953809036808
e8621_F43Sr1	0.0784184997042948
e8622_F34Sr3	0.2008497213418619
e8623_F35Sr2	0.1631762297639918
e8624_F36Sr1	0.1091469649355686
e8625_F37Dr3	0.3138611440887693
e8626_F38Dr2	0.343786004859699
e8627_F39PRr3	0.1189469613370467
e8628_F40PRr2	0.1676197315602467
e8629_F41PRr1	0.263590069873462
e8630_F42Sr3	0.1153175837420429
e8632_F33PRr2	0.1522630245109165
e8633_F34PRr1	0.2095642978211152
e8634_F35Sr3	0.1328362077506271
e8635_F36Sr2	0.1849350743411379
e8636_F37Sr1	0.1690232289884114
e8637_F38Dr3	0.2584004909122776
e8638_F39Dr2	0.2351993637869203
e8639_F40Dr1	0.1866331187656605
e8640_F40PRr3	0.1790791491916785
e8641_F41PRr2	0.271896567051615
e8642_F42PRr1	0.1534967332981734
e8643_F43Sr3	0.1330069165821968
e8644_F56Sr2	0.0271609905458377
e8645_F57PRr1	0.190874737339095
e8646_F58Sr3	0.2071418161540043
e8647_F59Sr2	0.1167440908552314
e8648_F60Sr1	0.3041280701271481
e8650_F54PRr2	0.3866461652473248
e8651_F56Sr3	0.0575304233830661
e8652_F57PRr2	0.1647278439513913
e8653_F58PRr1	0.1335287660113521
e8654_F59Sr3	0.1320518970384339
e8655_F60Sr2	0.3281126356731863
e8656_F57Dr1	0.0922611859934126
e8657_F57PRr3	0.105282505535875
e8658_F58PRr2	0.119564784467762
e8659_F59PRr1	0.1701722332137865
e8660_F60Sr3	0.2568831726275274
e8662_F58Dr1	0.1639900348020222
e8663_F58PRr3	0.1243913178016471
e8664_F60PRr1	0.2360921819790571
e8666_F60PRr2	0.643926996190791
e8668_F59Dr2	0.1558535363309455
e8669_F60PRr3	0.3445676051493533
e8670_F55Sr1	0.0974277827818598
e8671_F58Sr1	0.3041692101875407
e8673_F57Sr3	0.0251926310133414
e8674_F58Sr2	0.0280644574018784
e8675_F59Sr1	0.0524478541434819
e8677_F43PRr1	0.1583231179754495
e8678_F44Sr3	0.1498373848885273
e8679_F45Sr2	0.0603021863778261
e8680_F47Dr3	0.0822350656611975
e8681_F48Dr2	0.1668935568742774
e8682_F49Dr1	0.1170656018963586
e8683_F49PRr3	0.3683720137945949
e8684_F50PRr2	0.2725204212132973
e8685_F51PRr1	0.2280465083208011
e8686_F52Sr3	0.0909596252986428
e8687_F43PRr2	0.1503578769881523
e8688_F44PRr1	0.0597359116123673
e8689_F45Sr3	0.2341788531428021
e8690_F46Sr2	0.0431028149269178
e8691_F48Dr3	0.058204521177122
e8692_F49Dr2	0.1876795377803127
e8693_F50Dr1	0.1977785191650307
e8694_F50PRr3	0.2111941879716914
e8695_F51PRr2	0.2757048120688611
e8696_F53Dr1	0.1279564642021846
e8697_F43PRr3	0.1890622681163671
e8698_F44PRr2	0.1077941076051711
e8699_F45PRr1	0.2630962435656258
e8700_F48Sr1	0.0871937335272041
e8701_F49Dr3	0.2211949858810253
e8702_F50Dr2	0.1717757172218862
e8703_F51PRr3	0.1993991291298302
e8704_F53Dr2	0.176336989211751
e8705_F44Dr1	0.3167434155993014
e8706_F44PRr3	0.0608703060180133
e8707_F45PRr2	0.2649795309357234
e8708_F47Sr3	0.0807708895426266
e8709_F48Sr2	0.1168814390665394
e8710_F49Sr1	0.0731034809432394
e8711_F50Dr3	0.214531978191956
e8712_F53Dr3	0.3036689154055579
e8713_F44Dr2	0.30416527920951
e8714_F45Dr1	0.2705235336299255
e8715_F45PRr3	0.2667614878846582
e8716_F47PRr1	0.0855541459111616
e8717_F48Sr3	0.0915491212978011
e8718_F49Sr2	0.1640111927190119
e8719_F50Sr1	0.2558231940952487
e8720_F51Dr3	0.2122271702139065
e8721_F44Dr3	0.2899730679600729
e8722_F45Dr2	0.2765538003890367
e8723_F46Dr1	0.1418655295481125
e8724_F47PRr2	0.0820504773119765
e8725_F48PRr1	0.0805577991922582
e8726_F49Sr3	0.1137591905740616
e8729_F44Sr1	0.2163256334524264
e8730_F45Dr3	0.274800432034371
e8731_F47Dr1	0.0796333874824693
e8732_F47PRr3	0.1128273021311606
e8733_F48PRr2	0.2348167988784998
e8734_F49PRr1	0.2029341904049734
e8735_F50Sr3	0.1728442998852639
e8736_F52Sr1	0.1695448092984098
e8737_F53Sr3	0.2074425809729675
e8738_F44Sr2	0.1728721465938205
e8739_F45Sr1	0.0600026072194139
e8740_F48Dr1	0.1670415343115188
e8741_F48PRr3	0.2129438733864858
e8742_F49PRr2	0.2484383789491487
e8743_F50PRr1	0.2126749196019612
e8744_F51Sr3	0.1540113013908079
e8745_F52Sr2	0.1421290168278101
e8746_F53PRr1	0.3353088085273633
EB10	0.1245558189935193
EB11	0.1194237908690985
EB12	0.12080463760124
EB13	0.1219971440927426
EB14	0.1127369439416562
EB15	0.1181200080452008
EB16	0.1224165321235084
EB17	0.1112798521375041
EB18	0.1205098617008485
EB1	0.1318500287483606
EB2	0.1191648845272462
EB3	0.10624539087796
EB4	0.1033768466570471
EB5	0.1199823959980778
EB6	0.0943499516508994
EB7	0.0778430846330005
EB8	0.1221260901738836
EB9	0.1258435822526196
Negative1	0.0574227375756916
Negative2	0.084427806723541
Negative4	0.093971688876916
Negative5	0.1225703770971432
Negative6	0.1178932599819917
Negative7	0.1099655744277498
V10Dr1	0.1128077369684029
V10PRr2	0.0865216225047682
V11Dr3	0.1238968596669407
V11PRr2	0.1365385798839566
V11PRr3	0.1505996914736049
V11Sr2	0.1044867359032805
V12Dr3	0.1601213724243383
V12PRr1	0.0945357204082923
V12PRr2	0.1036219690687674
V12PRr3	0.1326781967792177
V12Sr1	0.1621265246399085
V12Sr3	0.0869858475103909
V13PRr1	0.1270939559989231
V13PRr2	0.0820365240826933
V13Sr3	0.0998891903364146
V14Dr3	0.1559632960448971
V14PRr1	0.0562597371351526
V14PRr2	0.0625305469362662
V14PRr3	0.0629401126779361
V14Sr1	0.1278532186591863
V15Dr1	0.1264006193068217
V15Dr2	0.1409948547593554
V15Dr3	0.144099590367349
V15PRr1	0.1156659376501613
V15PRr2	0.1106637709252123
V15PRr3	0.123948426226896
V15Sr1	0.1539922989384274
V15Sr2	0.1384410119957083
V16Dr1O	0.1261795544871478
V16Dr1T	0.1175730586547174
V16Dr3	0.1256835643646704
V16PRr1O	0.1061078017564005
V16PRr1T	0.0948261404117911
V16PRr1	0.1132757108580927
V16PRr2	0.1143249477099766
V16PRr3	0.1100750507750901
V16Sr1O	0.1469637043925736
V17Dr1	0.0991490682711343
V17Dr2	0.1125160894565109
V17PRr1	0.1293329619452856
V17PRr2	0.1193029315626936
V17PRr3	0.1262659172019485
V18PRr2	0.0833676750085109
V18PRr3	0.0865492165207502
V19Dr2	0.1155803130536408
V19Dr3	0.1137679994677934
V19PRr1	0.0803557637846064
V19PRr2	0.0874218154106454
V19PRr3	0.0792131672276176
V19Sr3	0.1441052404353323
V1Dr1	0.0366974441306542
V1Dr3	0.0693191792960099
V1PRr1	0.0542580059429843
V1PRr2	0.0462413880846026
V1PRr3	0.0369885545341617
V20PRr1	0.0752763358790131
V20PRr2	0.0741184694746514
V20PRr3	0.0809819126961104
V20Sr2	0.0893282966226063
V21Dr1	0.129756520692122
V21Dr2	0.0985781901601487
V21PRr1RE	0.1241501448117821
V21PRr1	0.1441130626645302
V21PRr2RE	0.1384992196504461
V21PRr2	0.1468133351777055
V21PRr3RE	0.1488509802347735
V21PRr3	0.1466045655561808
V21Sr3	0.1325205085525802
V22PRr2	0.0985509253429492
V23Dr1	0.1157037393391521
V23PRr1	0.1304286802095147
V23PRr2	0.1093128115480111
V24Dr1	0.1037738363341624
V24PRr1	0.1219671543493674
V24PRr3	0.1059362440293141
V25Dr3	0.1075686986024783
V25PRr1	0.0980670094277193
V25PRr2	0.0949791643761361
V25PRr3	0.0930046867340245
V25Sr2	0.0854602167595985
V25Sr3	0.0931588561227215
V26Dr2	0.1216800247844481
V26Dr3	0.1341803902037388
V26PRr1	0.1412191619249441
V26PRr2	0.1242624521912274
V26Sr2	0.1378807906778495
V27Dr2	0.1415361005708823
V27Dr3	0.1367510482643699
V27PRr1	0.0993242389326694
V27PRr2	0.0993089478470649
V27PRr3	0.0894696343756988
V28Dr1	0.1393582827598734
V28Dr3	0.1448178474014496
V28PRr1	0.0525862923320675
V28PRr2	0.0733292229262516
V28PRr3	0.0972038074871373
V29PRr2	0.1678677727188106
V29PRr3	0.1605205913673256
V2Dr1	0.106183801859944
V2Dr2	0.0812748955317037
V2PRr1	0.1213296547625574
V2PRr2	0.0771571609317241
V2PRr3	0.0755921469361395
V2Sr1	0.0764358727701302
V2Sr2	0.0749467409960391
V30PRr1	0.1158184889664112
V30PRr2	0.1200773833442286
V30PRr3	0.0868407946670169
V30Sr2	0.1390000767896121
V31Dr1	0.1530697882353805
V31Dr3	0.1328433175680108
V32PRr1	0.1863896713083554
V32PRr2	0.221425458174363
V32PRr3	0.1733752831293451
V33PRr1	0.0805331627985479
V33PRr2	0.1550471258833982
V33PRr3	0.1591632395787593
V34Dr2	0.1485295283002784
V34PRr1	0.1083925723930269
V34PRr2	0.1120344553549498
V34PRr3	0.1340717176512472
V35Dr1	0.1466113917822533
V35PRr1	0.080835065242336
V35PRr2	0.0729105940241371
V35PRr3R	0.0909944883182321
V35PRr3	0.0796321702703324
V37Dr1	0.1564631272292142
V37PRr2	0.1134822772793216
V37PRr3	0.1118322060394959
V38PRr3	0.1358292771064394
V38Sr2	0.1008113630223041
V39Dr1	0.109625406910563
V39Dr3	0.1113028060279227
V39PRr1	0.1747411133523892
V39PRr2	0.1560311905991766
V39PRr3	0.1627161059894669
V39Sr2	0.1222167896203196
V3PRr1	0.0842035428029685
V3PRr2	0.0800940657855166
V3PRr3	0.1108569851929746
V40Dr1	0.1185838829284425
V40PRr1	0.1555890442834279
V40PRr2	0.1492427316603522
V40PRr3	0.1354072959243248
V40Sr3	0.1022428246387969
V41Dr3	0.1129333999739359
V42PRr2	0.1597979115369725
V42Sr2	0.1216887904178962
V43Dr1	0.1263752638719489
V43Dr2	0.1251040571844815
V43Dr3	0.1364843773286091
V43PRr1	0.1171222007186445
V43PRr2	0.135910843916364
V43PRr3	0.1345258628702782
V44Dr1	0.1542321190734052
V44PRr1	0.1194680250314477
V44PRr2	0.1645009604354721
V45Dr1	0.0751827189438141
V45Dr2	0.0967480459167896
V45Dr3	0.1026709860469241
V45PRr1	0.0602988711739061
V45PRr2	0.056127520499279
V45PRr3	0.0601235820157147
V45Sr3	0.0791717550010813
V46PRr1	0.102099967180429
V46PRr2	0.1018030544897577
V46PRr3	0.0909803392574102
V47PRr1	0.1223185650411952
V47PRr2	0.1228807202901291
V47PRr3	0.122035422228284
V48Dr1	0.1094390866226798
V48Dr2	0.1166265692110741
V48Dr3	0.1326664484912494
V48PRr1	0.1352166611103984
V49Dr2	0.1482409681233925
V4Dr1	0.121352490103158
V4Dr2	0.1297156266080259
V4Dr3	0.1276922262379624
V4PRr1	0.0895513089819182
V4PRr2	0.0955810642095915
V4PRr3	0.0876869515878596
V4Sr1	0.0764541023016971
V4Sr3	0.0734903778382021
V50PRr2	0.1019568768053481
V51PRr2	0.1092376086172304
V51PRr3	0.0703771702838596
V53PRr2	0.0332600112217169
V54PRr1	0.0903558007808429
V54PRr2	0.0909462167894937
V54PRr3	0.0885060498811691
V55Dr1	0.1530210300236663
V55PRr1	0.0622420311338434
V55PRr2	0.0919698742021322
V55PRr3	0.0969901503170228
V55Sr2	0.0727897642140731
V55Sr3	0.0826087935393853
V57PRr2	0.0615374843200555
V57PRr3	0.052729826734515
V58PRr1	0.1553788948844177
V58PRr2	0.1049408069974401
V58PRr3	0.1719615616493456
V5Dr1T	0.1211711657568817
V5Dr1	0.1772668687952945
V5PRr1T	0.1273168151306018
V5PRr1	0.1544964947219515
V5PRr2	0.1134799102335284
V5PRr3	0.1299012681269158
V5Sr1	0.0728924763192471
V5Sr3	0.1065647323524057
V60PRr1O	0.1063687908804574
V60PRr1	0.2311171364412843
V60PRr2	0.0984753614764434
V6Dr1	0.1579294365945095
V6PRr1	0.0981451968534884
V6PRr2	0.1034400012368966
V6PRr3	0.0784139783747965
V6Sr1	0.0966812986093097
V6Sr3	0.0955627558798138
V7Dr1T	0.1285088843306326
V7Dr3R	0.1408349456674974
V7Dr3	0.1676344924988855
V7PRr1O	0.1207672845085123
V7PRr1T	0.1181041746147229
V7PRr1	0.1242650947784428
V7PRr2	0.1115151848184991
V7PRr3	0.1019748162340365
V8Dr3	0.1631305189328064
V8PRr1	0.13167416489497
V8PRr2	0.1332455136837087
V8PRr3	0.1303945269889885
V9PRr1	0.081532204926585
V9PRr2	0.1280178974350476
V9PRr3	0.0974854379465809
