role_id	bearer_material_id	role_type	realized_in_process_id	assertion_status	evidence_id
https://rubalkhali.science/kb/RAK_CTL_0b2706651282bb7d97741f99b67df920a939c30bc197d0edbec99694932524ae	https://rubalkhali.science/kb/RAK_CTL_f22cda23e15ed4fafaf98dacf1ba65829d51879046ce82174778f7be63351d3b	negative_microbiome_control		confirmed	https://rubalkhali.science/kb/RAK_CTL_f4427c676cbd335c7cf5c3afe02ac34b7081aeccdb1cdadfb3866476fdc197bb
https://rubalkhali.science/kb/RAK_CTL_e17f44b86639f5caedfda45f09a44cdc34a5d5a312b675ffc6e2e46590fea760	https://rubalkhali.science/kb/RAK_CTL_76e41ef09d7e0a235ff204c509089f1cbec2f90e247c06157f9e690c69699fb9	positive_microbiome_control		confirmed	https://rubalkhali.science/kb/RAK_CTL_f4427c676cbd335c7cf5c3afe02ac34b7081aeccdb1cdadfb3866476fdc197bb
https://rubalkhali.science/kb/RAK_CTL_cae0f3c3e96825f05f1e8890aaa41aaf6ef2c651d9ee860d8d6169c2f5d38d26	https://rubalkhali.science/kb/RAK_CTL_def86048f2a6ba5ab904894c2246f1f22ee10930b2d09e06af8407304c43757a	positive_microbiome_control		confirmed	https://rubalkhali.science/kb/RAK_CTL_f4427c676cbd335c7cf5c3afe02ac34b7081aeccdb1cdadfb3866476fdc197bb
https://rubalkhali.science/kb/RAK_CTL_600587e613115e9157dd104d3676c98ab761a000dd727507b18b53a55c2869c3	https://rubalkhali.science/kb/RAK_CTL_6f68b7a0ca193c1c1b789028d8a4ea314cef5265fd7d7963ee1d15ad5c9fe871	pcr_blank	https://rubalkhali.science/kb/RAK_CTL_717109005f011229eceee760c70aca34c86beaab57f3fd184a13ece62f43a3ba	confirmed	https://rubalkhali.science/kb/RAK_CTL_f4427c676cbd335c7cf5c3afe02ac34b7081aeccdb1cdadfb3866476fdc197bb
https://rubalkhali.science/kb/RAK_CTL_b0b9dce132b1aedb18c74df43d164e1b899d8aa4b971a31201b57c65514c7d9f	https://rubalkhali.science/kb/RAK_CTL_26a00c055e7e6d186b9d995b3af78d164e57e92d826cee7b14920e4aaa3a49f9	negative_microbiome_control		confirmed	https://rubalkhali.science/kb/RAK_CTL_f4427c676cbd335c7cf5c3afe02ac34b7081aeccdb1cdadfb3866476fdc197bb
https://rubalkhali.science/kb/RAK_CTL_c6b8c70d8f65f62ea508d2a4f357df14fd285db205f9f049c3bd1197915f6e36	https://rubalkhali.science/kb/RAK_CTL_dd4dc4ba4fe4dee389a1556828d6cf1bfdc6346a4b5989cdb78276ec2d9a56eb	negative_microbiome_control		confirmed	https://rubalkhali.science/kb/RAK_CTL_f4427c676cbd335c7cf5c3afe02ac34b7081aeccdb1cdadfb3866476fdc197bb
https://rubalkhali.science/kb/RAK_CTL_4438263dc020954d4a8ea5d8b91c48726025e3d80f238853189bd1ceb58713e2	https://rubalkhali.science/kb/RAK_CTL_7e768276ec9f36c0f7aa28ff1fd3e87463ebb774b6aa682146eed926aedd7f62	positive_microbiome_control		confirmed	https://rubalkhali.science/kb/RAK_CTL_f4427c676cbd335c7cf5c3afe02ac34b7081aeccdb1cdadfb3866476fdc197bb
https://rubalkhali.science/kb/RAK_CTL_3bd59572508c08b25e1ba19f45c83dd5fb239acb86b9abb7278f95d32b5a6486	https://rubalkhali.science/kb/RAK_CTL_686a4a8b33c80baed4bc395d5c65a22b7cd161bfed441405b8fa6c6caaa02bf8	positive_microbiome_control		confirmed	https://rubalkhali.science/kb/RAK_CTL_f4427c676cbd335c7cf5c3afe02ac34b7081aeccdb1cdadfb3866476fdc197bb
https://rubalkhali.science/kb/RAK_CTL_f6a9c123bec083498216c0c4bab75fa9f508f7d34906744f07b36218d6503b95	https://rubalkhali.science/kb/RAK_CTL_938f6278de19bebe8f3a26cb3bbc349ce12525481e182807211ea3206fd1bc3f	pcr_blank	https://rubalkhali.science/kb/RAK_CTL_0e9ef5ba81d5b445daa6c62ff9960a41d8e3ed57d1d6575cd74d66c8a8daaeaf	confirmed	https://rubalkhali.science/kb/RAK_CTL_f4427c676cbd335c7cf5c3afe02ac34b7081aeccdb1cdadfb3866476fdc197bb
https://rubalkhali.science/kb/RAK_CTL_c63c404c26cee092b0003ea09a05202242888872c72bc6aa0739935f23f3d767	https://rubalkhali.science/kb/RAK_CTL_667735457ccd5004687ac683955799bfccb7a2ea473b71faebe0aaa30de4f789	extraction_blank	https://rubalkhali.science/kb/RAK_CTL_7e5c63f52786f5fc028199ab22c72b5b682314ef4dc6b7f261f5ae26780e2c90	confirmed	https://rubalkhali.science/kb/RAK_CTL_f4427c676cbd335c7cf5c3afe02ac34b7081aeccdb1cdadfb3866476fdc197bb
https://rubalkhali.science/kb/RAK_CTL_1ab9d12b9d9461e7d1a005e141f5db0b5bef0d7b82b997357cdb1d73e271dcdc	https://rubalkhali.science/kb/RAK_CTL_69505ea144df7565015b1efb498082949cb5b596a6740d153c0a2f3143e14f61	positive_microbiome_control	https://rubalkhali.science/kb/RAK_CTL_61b4cbb6ec12dde20b4fb9e4818954e01c215f42b8fa002426b4b12364eb0d28	confirmed	https://rubalkhali.science/kb/RAK_CTL_f4427c676cbd335c7cf5c3afe02ac34b7081aeccdb1cdadfb3866476fdc197bb
https://rubalkhali.science/kb/RAK_CTL_bb5341d1297434d69f5555676c25f708edc912a6c2448acc8314985690268167	https://rubalkhali.science/kb/RAK_CTL_3441bb54f997ca7fa626e3e3b72b13c84e174cd2e818c1552ab0c6de178735c5	negative_microbiome_control		confirmed	https://rubalkhali.science/kb/RAK_CTL_f4427c676cbd335c7cf5c3afe02ac34b7081aeccdb1cdadfb3866476fdc197bb
https://rubalkhali.science/kb/RAK_CTL_8c949c3591bd5839bcee19259bcb670f8a5abad3697b30aef067a3d694b922b1	https://rubalkhali.science/kb/RAK_CTL_d9cb62df3c56a6a4b94f1a3eb29dc22e4f3bdd24cb27d01210f8faa220537f01	positive_microbiome_control	https://rubalkhali.science/kb/RAK_CTL_aa418e80090b969905a9c6d7ab3d832eb58415dc3559f69b69e8c819ff616e2c	confirmed	https://rubalkhali.science/kb/RAK_CTL_f4427c676cbd335c7cf5c3afe02ac34b7081aeccdb1cdadfb3866476fdc197bb
https://rubalkhali.science/kb/RAK_CTL_8d539b3cd1603a66df669eb3420a0703bf591925ff271d0de40cfa38fb3e0d2b	https://rubalkhali.science/kb/RAK_CTL_cabb4cc0a86d1157ea1b222c1ab77222f85707d6f060f17109b766016ebffb16	pcr_blank	https://rubalkhali.science/kb/RAK_CTL_bca070996e6d120dcaaf58ce1c3f39385bdce9637cf073bda19224e77776d0ea	confirmed	https://rubalkhali.science/kb/RAK_CTL_f4427c676cbd335c7cf5c3afe02ac34b7081aeccdb1cdadfb3866476fdc197bb
https://rubalkhali.science/kb/RAK_CTL_12c81cbe55ceb0dd037044aa61772b162c14688c12a1b8c20152bb7f5802c91a	https://rubalkhali.science/kb/RAK_CTL_6d596ebe4d6cb5b44c7db75578840677ef2909fa6dad18571a07fb289c2d0cb1	negative_microbiome_control		confirmed	https://rubalkhali.science/kb/RAK_CTL_f4427c676cbd335c7cf5c3afe02ac34b7081aeccdb1cdadfb3866476fdc197bb
https://rubalkhali.science/kb/RAK_CTL_dae6f8fe78eea6bfeda8b6b056bcd7fb3d63a3d03af3245c984e03130f65ddc6	https://rubalkhali.science/kb/RAK_CTL_f797e133b72fd1030cd437243e58dd66601036d9a8ca55dfe280525c28a49dd5	negative_microbiome_control		confirmed	https://rubalkhali.science/kb/RAK_CTL_f4427c676cbd335c7cf5c3afe02ac34b7081aeccdb1cdadfb3866476fdc197bb
https://rubalkhali.science/kb/RAK_CTL_d94aeef6e32f9ed40815bf235f48356fa90d965c1d49c132d1cc396376b57d94	https://rubalkhali.science/kb/RAK_CTL_c360404f1ff2ff23f04c344f17d4e2c83c254cab809f3d5f339551af5aedc01e	positive_microbiome_control	https://rubalkhali.science/kb/RAK_CTL_a661013787e7f4352c1eec5311d4e775fe9adc880740a8adfca86aafddd2b8e3	confirmed	https://rubalkhali.science/kb/RAK_CTL_f4427c676cbd335c7cf5c3afe02ac34b7081aeccdb1cdadfb3866476fdc197bb
https://rubalkhali.science/kb/RAK_CTL_983930beb738bd9acd29c3dc0c33a47fc5dee0a4750ace3f74f3f5ce90fb91f0	https://rubalkhali.science/kb/RAK_CTL_1d8533d87a4ffcf2299d976c5fa79b8734a2e43fd3e5a14ece744c1d38d1ab10	extraction_blank	https://rubalkhali.science/kb/RAK_CTL_c5d2e188f638e3add1ffeececae19c129bebe0f3953f07dddf2e096189c9a560	confirmed	https://rubalkhali.science/kb/RAK_CTL_9556a4e68497b7ee5e574bc5347694cc0eba8ac1dd2d7e419e32ff3486eaa34e
https://rubalkhali.science/kb/RAK_CTL_186524acd6c0e43f28250eb4a8e6918d8ece48dceebdd3cff2b373b94fae71a3	https://rubalkhali.science/kb/RAK_CTL_f4813de1b262c5fff3327f55854a2fc9b8301f45b68903a511ac83f27a1399fd	extraction_blank	https://rubalkhali.science/kb/RAK_CTL_5a1bfb4135384a95e4833c8d1128f8319a4e90b86b0d69babe5642a12af2b455	confirmed	https://rubalkhali.science/kb/RAK_CTL_9556a4e68497b7ee5e574bc5347694cc0eba8ac1dd2d7e419e32ff3486eaa34e
https://rubalkhali.science/kb/RAK_CTL_9b1cfde91b2b27d81b1dfd2449fc15bc0f2184ae419b121e4047bc51707e5259	https://rubalkhali.science/kb/RAK_CTL_2234b376eebaf774aabede0f3861e2b9cb4063abf9adb3e74f452a1709a973ad	extraction_blank	https://rubalkhali.science/kb/RAK_CTL_80838c69ac3f9a42b89581c243fbde0018b070877a23dd55aa262b875c977b8f	confirmed	https://rubalkhali.science/kb/RAK_CTL_9556a4e68497b7ee5e574bc5347694cc0eba8ac1dd2d7e419e32ff3486eaa34e
https://rubalkhali.science/kb/RAK_CTL_eb51ffe1d73536b49f7adc0330a8a3406b0f8766083bf6a2e557ecb5713aa094	https://rubalkhali.science/kb/RAK_CTL_e77ab0791fa37c9497d84165a35d1dabbf3205163a209f2a7a44166206d6dad7	extraction_blank	https://rubalkhali.science/kb/RAK_CTL_694f6b7de76adf9969f985b0dd8e2860c42bde4818d0afd5afed3571788a92d4	confirmed	https://rubalkhali.science/kb/RAK_CTL_9556a4e68497b7ee5e574bc5347694cc0eba8ac1dd2d7e419e32ff3486eaa34e
https://rubalkhali.science/kb/RAK_CTL_8a7845e567da000bdbc309ec78cec425e3f05d81a2722a6e848fd05bc954b241	https://rubalkhali.science/kb/RAK_CTL_b0018e4c3700fd4278ad16bb8a94d1f96732ae256f9dd5dbcd67f310bcd07e38	extraction_blank	https://rubalkhali.science/kb/RAK_CTL_dd53e0c60a1ba3c6dc2a854d1b2280179549811b7d54959c32c9416d47bee45d	confirmed	https://rubalkhali.science/kb/RAK_CTL_9556a4e68497b7ee5e574bc5347694cc0eba8ac1dd2d7e419e32ff3486eaa34e
https://rubalkhali.science/kb/RAK_CTL_67b07ba21f8fe376000d2e5f964af01e56add6b025ca50ac720e697308eb8632	https://rubalkhali.science/kb/RAK_CTL_082b82aa55499fca07bc264ced464ea3a43c3b7078bc749562c9ae89474fbd36	extraction_blank	https://rubalkhali.science/kb/RAK_CTL_5213382cade5a4ef94a8f2aacf4500e21d9ab2331c6bda73cc42da12e3f92e26	confirmed	https://rubalkhali.science/kb/RAK_CTL_9556a4e68497b7ee5e574bc5347694cc0eba8ac1dd2d7e419e32ff3486eaa34e
https://rubalkhali.science/kb/RAK_CTL_a5fe5d4be131a63c0fe5b5d0aa2fab024accf51558a7459a554028cdb4e6960c	https://rubalkhali.science/kb/RAK_CTL_e7f2212f9e4cb96e07190808584e76cbb1c2739c61286c62ea863893e0e515f1	extraction_blank	https://rubalkhali.science/kb/RAK_CTL_322f4e4a1a6c8ab3232c08cee9f7aa3e54ea42bdbd2e634dcdb6a079f3161ccc	confirmed	https://rubalkhali.science/kb/RAK_CTL_9556a4e68497b7ee5e574bc5347694cc0eba8ac1dd2d7e419e32ff3486eaa34e
https://rubalkhali.science/kb/RAK_CTL_1755893f2422f8e1b259fb1b80bfc0d68e858419370f7068db9020d5740ea2b1	https://rubalkhali.science/kb/RAK_CTL_256c4109f961d0845058978794d4d8fdbcd451fba77d189c77be16ead271b0f4	pcr_blank	https://rubalkhali.science/kb/RAK_CTL_6149b4c99c340380707208287628c700f91f5396705d40d0c3c6e77a20bc52b1	confirmed	https://rubalkhali.science/kb/RAK_CTL_9556a4e68497b7ee5e574bc5347694cc0eba8ac1dd2d7e419e32ff3486eaa34e
https://rubalkhali.science/kb/RAK_CTL_4e914c4af9b6379ccf95264eb752ab8ba81c0d6b9f0db42db44beff8146eb340	https://rubalkhali.science/kb/RAK_CTL_a530694b474ef2c23add2d39d99de6c3d11c7baba3448827c3e5bc4e6c64c58e	extraction_blank	https://rubalkhali.science/kb/RAK_CTL_477c0fe1a171bab13ba2a6bbc711ba849f905aad20aba98527a71c4e4e4068f7	confirmed	https://rubalkhali.science/kb/RAK_CTL_42758abc83258bafa099f565edb9367f8db2b06203271186305c2efade86d290
https://rubalkhali.science/kb/RAK_CTL_c99612d679aabefa129875ec4c8fd6e1854a66c9b816653fd9b410b4ffa91ba6	https://rubalkhali.science/kb/RAK_CTL_bbb014c1ea29a7f7bbcb52199b6bd96320dacf12c076a7474ee588191ded43e1	extraction_blank	https://rubalkhali.science/kb/RAK_CTL_65b4d98a58849e59c57211b48e5f6e1d4a0920801e0cd7d2c86463181ddcf27b	confirmed	https://rubalkhali.science/kb/RAK_CTL_42758abc83258bafa099f565edb9367f8db2b06203271186305c2efade86d290
https://rubalkhali.science/kb/RAK_CTL_0d513120cc0d07f1120f37440ee0b86db461b2a2565b34a87fd16470b2593cff	https://rubalkhali.science/kb/RAK_CTL_38d6dd8de273475cd213d40a85d1c54ace1448f23af251c03badbfc8fc8c46d0	extraction_blank	https://rubalkhali.science/kb/RAK_CTL_a61603964f4a377398cc78abcdeebcb5a9f81c8f2f4b1a8c1cff54631993ff02	confirmed	https://rubalkhali.science/kb/RAK_CTL_42758abc83258bafa099f565edb9367f8db2b06203271186305c2efade86d290
https://rubalkhali.science/kb/RAK_CTL_af7011a86ee6aeb813871caeaa1dd52c3ea19e398e61ab27eb0f5986a99cf1a8	https://rubalkhali.science/kb/RAK_CTL_307623abf147812b587bc5f2be9959910bca6eda8eedf1e4b8547faf5de115e1	extraction_blank	https://rubalkhali.science/kb/RAK_CTL_1e2f2b98bcd9639aa2a649cff37386cc78d5ac93c4cef8ff5b93ef1ebd1f57e4	confirmed	https://rubalkhali.science/kb/RAK_CTL_42758abc83258bafa099f565edb9367f8db2b06203271186305c2efade86d290
https://rubalkhali.science/kb/RAK_CTL_02c4f41895e64452997a76765e42f1e3719555b801eb3907fcbcd7209eb8ea41	https://rubalkhali.science/kb/RAK_CTL_92c205ad9a266346a9e3a798b27fa556e2d8f59f5f3746ee9bfab427418aa76a	extraction_blank	https://rubalkhali.science/kb/RAK_CTL_2c5006053903f99d649ea9245b1075c1ee9d71c7b4c9210d3f003fa28e6619e2	confirmed	https://rubalkhali.science/kb/RAK_CTL_42758abc83258bafa099f565edb9367f8db2b06203271186305c2efade86d290
https://rubalkhali.science/kb/RAK_CTL_6596ae12719d9843fa56f7cc39bfe93e91d82083f29dcbc6c38f3d40035bb795	https://rubalkhali.science/kb/RAK_CTL_030dadb8c25f2642534b86508ceacce0698619164efef62ce4f174801ca048e1	extraction_blank	https://rubalkhali.science/kb/RAK_CTL_bcea812226d1e4d8d083d33ab978ccdb908a6bae6b08c5ee25faee35c9f8d4b2	confirmed	https://rubalkhali.science/kb/RAK_CTL_42758abc83258bafa099f565edb9367f8db2b06203271186305c2efade86d290
https://rubalkhali.science/kb/RAK_CTL_e53352967c86207c02ae039b366a130f4fa3410b2d651b6e6c30c75b9a32a3a1	https://rubalkhali.science/kb/RAK_CTL_fbed81ff8caaafc4d9c06358d9d2dfed0da6def982b9d457d250ea24b327ccd8	extraction_blank	https://rubalkhali.science/kb/RAK_CTL_6d884fff7d011ba583b49e133c6a469e29dc07b7a868b787c04f7faa637c9129	confirmed	https://rubalkhali.science/kb/RAK_CTL_42758abc83258bafa099f565edb9367f8db2b06203271186305c2efade86d290
https://rubalkhali.science/kb/RAK_CTL_ce0067125a35c78081536fdb5a86e10253b8eb08c29e18dd9fc002e47fcbbad1	https://rubalkhali.science/kb/RAK_CTL_756322c0bc9f3732a7e953dbb79d0353bcfba52efafc37af7bcf3a6736836d67	extraction_blank	https://rubalkhali.science/kb/RAK_CTL_69e13f39d8649afe9157b3c19bf684ef697c40f487b17667a534eb35d2002960	confirmed	https://rubalkhali.science/kb/RAK_CTL_42758abc83258bafa099f565edb9367f8db2b06203271186305c2efade86d290
https://rubalkhali.science/kb/RAK_CTL_82098d018d8cd509169ce318665c5b4d1231cbcfc1edff7653229ee69a5f3776	https://rubalkhali.science/kb/RAK_CTL_33d65ad84c256c2e661d99e0dc17c3732da51d682301f58fa6314e5a2414d225	extraction_blank	https://rubalkhali.science/kb/RAK_CTL_a4b94ef0e8085f26061322044a9b6a3052686b7350d6a87011393613460a73a7	confirmed	https://rubalkhali.science/kb/RAK_CTL_42758abc83258bafa099f565edb9367f8db2b06203271186305c2efade86d290
https://rubalkhali.science/kb/RAK_CTL_867fd1352f0d7b27f38248b254e4287fa01e8b4ec0bb16037219a9ae1380fd57	https://rubalkhali.science/kb/RAK_CTL_fcc4a8b7453e1a57f80b52c3fa909f4c3d5f2f5ef6ed296849511b0832b52adc	extraction_blank	https://rubalkhali.science/kb/RAK_CTL_cb446a4baedae4c7ccb35416b0b3611f3e5da7634b1814255951057710db7f5a	confirmed	https://rubalkhali.science/kb/RAK_CTL_42758abc83258bafa099f565edb9367f8db2b06203271186305c2efade86d290
https://rubalkhali.science/kb/RAK_CTL_0d6906326a50910650328507bdfb29ef2e4ab883f75880b8637142eb963dd6fe	https://rubalkhali.science/kb/RAK_CTL_d2b4e6fdc632d3e7587ca8eeb74e603c1a8bd0869deeeefe1142cb234cfed4c8	extraction_blank	https://rubalkhali.science/kb/RAK_CTL_6e2b8e4a9898b5f57671d6e4693046131607e085507ead23da6efbf8d45a5926	confirmed	https://rubalkhali.science/kb/RAK_CTL_42758abc83258bafa099f565edb9367f8db2b06203271186305c2efade86d290
https://rubalkhali.science/kb/RAK_CTL_2772b568231357b3fcada279256fbc500662a0c6152a750944b50faad6688cc4	https://rubalkhali.science/kb/RAK_CTL_eeb672b70e0864ff2971c6467879797939050dde605cba91b0a9f1dd87265c6e	extraction_blank	https://rubalkhali.science/kb/RAK_CTL_b9d0f808895c63c9e9720444b00399633ad3167804d00143357df376478e0f6b	confirmed	https://rubalkhali.science/kb/RAK_CTL_42758abc83258bafa099f565edb9367f8db2b06203271186305c2efade86d290
https://rubalkhali.science/kb/RAK_CTL_4670cd660eeb412cc697b6fa59da322f5689ec1717e6f2eb7cd4a1fbfe02a885	https://rubalkhali.science/kb/RAK_CTL_24a43e9e1cf3f44027f6ca5f97b672d43b965bb52f4fbbad3e375dbb1b6aec4a	extraction_blank	https://rubalkhali.science/kb/RAK_CTL_c89d7577b88fd60403e88ac0c7ab6111e122301b1cb00147ab4a3cc63d499ca5	confirmed	https://rubalkhali.science/kb/RAK_CTL_42758abc83258bafa099f565edb9367f8db2b06203271186305c2efade86d290
https://rubalkhali.science/kb/RAK_CTL_9305cdfa6e6e7cde12fcfeb291a79899e9915178bf3b1646df08409360ebdf99	https://rubalkhali.science/kb/RAK_CTL_fb3a5aba455f4c3aa05667ae576a8fd0356915f0c4d34a8acc165fd6f6fba30d	extraction_blank	https://rubalkhali.science/kb/RAK_CTL_88169dad145fbf48a7e41e256fabaf318a829a95096592c40d0c2676834ef792	confirmed	https://rubalkhali.science/kb/RAK_CTL_42758abc83258bafa099f565edb9367f8db2b06203271186305c2efade86d290
https://rubalkhali.science/kb/RAK_CTL_c3bc866ca7de20ec043e057ab795e65700887fa20d0f6635662c8c9dc5c88acf	https://rubalkhali.science/kb/RAK_CTL_dbb332dcc8275a138fcfd77531776d84ec9619bd0e98ec3603ea62f2854f0324	extraction_blank	https://rubalkhali.science/kb/RAK_CTL_861ac0046d0fe1a475d3a693b8bddf7e146ea37d8083cda9fcfe46a873f7319f	confirmed	https://rubalkhali.science/kb/RAK_CTL_42758abc83258bafa099f565edb9367f8db2b06203271186305c2efade86d290
https://rubalkhali.science/kb/RAK_CTL_35ec0523d63b6e04376ee1e7199cb351302dce82df4a56164ed9e64b51b5e40a	https://rubalkhali.science/kb/RAK_CTL_14cde784e94570af3a9415ab47f9549a39ce3fd75ee585aa9bfa7d6d0c2d9663	extraction_blank	https://rubalkhali.science/kb/RAK_CTL_d8cf730f67605909d083ed5b331eb64ff319b27e1d38323a4fd65ab93216b1a6	confirmed	https://rubalkhali.science/kb/RAK_CTL_42758abc83258bafa099f565edb9367f8db2b06203271186305c2efade86d290
https://rubalkhali.science/kb/RAK_CTL_8389d04286f1bdb5aebc1384c957b39391ac4bb4bab9ca6e1d200623f68ab0d0	https://rubalkhali.science/kb/RAK_CTL_67c3262870a7d662ccbc43ad3859a3cec6035bd226ea663f79825e77f17f6b12	extraction_blank	https://rubalkhali.science/kb/RAK_CTL_5050720bb715bfb32261edc3cb7fddbdfdfb077beedf7b3b2ed447590a30137c	confirmed	https://rubalkhali.science/kb/RAK_CTL_42758abc83258bafa099f565edb9367f8db2b06203271186305c2efade86d290
https://rubalkhali.science/kb/RAK_CTL_662c3fd5405deb9ca5205c0992cc8973aa3b2247abdc2600893e185478e019f1	https://rubalkhali.science/kb/RAK_CTL_5e289bbe04379c77dcd686d47a37245341a1a9cfc429d44b86586bf417dd80f8	extraction_blank	https://rubalkhali.science/kb/RAK_CTL_8088ffd7b53297f31aa42b4c5ca1ed502d345f7bbd8bc62d8d0f5c3ef7a97cca	confirmed	https://rubalkhali.science/kb/RAK_CTL_42758abc83258bafa099f565edb9367f8db2b06203271186305c2efade86d290
https://rubalkhali.science/kb/RAK_CTL_b3a45fcc76a1a100dd448de9f031d813b96599850c3a8683916d5606c098738a	https://rubalkhali.science/kb/RAK_CTL_43f740d71d2dff8487b372651f61bd984388fac41fc5f59a784e0a277ebfe210	extraction_blank	https://rubalkhali.science/kb/RAK_CTL_1e6e342daec56e557446d7cc0330abbeb69045f19a5a8d69831973dffb14ba85	confirmed	https://rubalkhali.science/kb/RAK_CTL_42758abc83258bafa099f565edb9367f8db2b06203271186305c2efade86d290
https://rubalkhali.science/kb/RAK_CTL_e7df887e091b1dc8cd61e34f26d3089cdf0f089feb5dc1d9adfd7252c7789543	https://rubalkhali.science/kb/RAK_CTL_5d645e9e2e96f374d7b336a4b0a78abb6c76b6b10574951b67a4e90a847a08e8	extraction_blank	https://rubalkhali.science/kb/RAK_CTL_08b696ee857d8f734d0417178308630eb5dc6be2b2ee097977a0c4db887daca8	confirmed	https://rubalkhali.science/kb/RAK_CTL_42758abc83258bafa099f565edb9367f8db2b06203271186305c2efade86d290
https://rubalkhali.science/kb/RAK_CTL_856fa8819ffc209df4dce2eedfb24a93c9c8dca326985bd26bf682ceccd549d5	https://rubalkhali.science/kb/RAK_CTL_292a1a1b28b9b11134dd7c561df5849efce29f8abcbbf0783cb264fb2c0cb231	extraction_blank	https://rubalkhali.science/kb/RAK_CTL_001bfb9a6ad0342e0c190898a5bab92cfd4cda1a7896465c80b8fe80fc45125d	confirmed	https://rubalkhali.science/kb/RAK_CTL_42758abc83258bafa099f565edb9367f8db2b06203271186305c2efade86d290
https://rubalkhali.science/kb/RAK_CTL_48f3f051dea64e035d9a71f0f71f5f82b5cd204bae7b2ecfeda0b2f80af0f9e4	https://rubalkhali.science/kb/RAK_CTL_34128a2b4f102fe5bcb93a0260c064246b40cc945b31c3c5b948c8432469119f	extraction_blank	https://rubalkhali.science/kb/RAK_CTL_c8bc099946a437ed0bcca379e89d14f7dc16e50f8bd78cfa691bbc5a782ff1e4	confirmed	https://rubalkhali.science/kb/RAK_CTL_42758abc83258bafa099f565edb9367f8db2b06203271186305c2efade86d290
https://rubalkhali.science/kb/RAK_CTL_9b24028ee42b03628d63d40de06e8723d307c1310e40feb6dc9187531030c93b	https://rubalkhali.science/kb/RAK_CTL_6cf9c6feb1e64f03302d0065ea04caeb95b6687abaf1795ea6620c7c936f0e06	extraction_blank	https://rubalkhali.science/kb/RAK_CTL_74e8b252fe262cac103258a585ef42add7246383f1fd88212fdbd716251e2da0	confirmed	https://rubalkhali.science/kb/RAK_CTL_42758abc83258bafa099f565edb9367f8db2b06203271186305c2efade86d290
https://rubalkhali.science/kb/RAK_CTL_cd13a5a4b81446c366ab2c778fd63016963abafb038c6e2f3b612d5eda7db788	https://rubalkhali.science/kb/RAK_CTL_a257fdc1ec52a0bd13e4b97fb596775e19fc570683fc7f58dd4c275397192470	extraction_blank	https://rubalkhali.science/kb/RAK_CTL_75102413de981c8c089a0f8a945777e900d6b4d15275889eeb773c0efac40ff4	confirmed	https://rubalkhali.science/kb/RAK_CTL_42758abc83258bafa099f565edb9367f8db2b06203271186305c2efade86d290
https://rubalkhali.science/kb/RAK_CTL_b0e320064474ce889934da11cee8d93a487219a49cb39a3cc84f56410033e16b	https://rubalkhali.science/kb/RAK_CTL_9893feecdd50407a179a017dc3f993ca98e1d0bd9868759e5757bc61040ca8c5	positive_microbiome_control	https://rubalkhali.science/kb/RAK_CTL_4bf8af1714ae9c769da2aac121c92d7c55ce649bbe1ae2d0cad157db9c56fe51	confirmed	https://rubalkhali.science/kb/RAK_CTL_b0ae4ff7a87b0764aea36899c084ae8ca3d720f25fb8ef82e6cc13dfd144086a
https://rubalkhali.science/kb/RAK_CTL_8dc698ef86dcec85510354fa332e6285f84dde3a45e8d6e81266571aaf2bcc22	https://rubalkhali.science/kb/RAK_CTL_95a80c7dc700d619fbf630421fcc3ff09fcdde9dabddf157df22f0852bfe1d55	extraction_blank	https://rubalkhali.science/kb/RAK_CTL_5515be9373b873e49bf543b194a9720d108d597fbf4de3722ae61a88e8fefe7b	confirmed	https://rubalkhali.science/kb/RAK_CTL_b0ae4ff7a87b0764aea36899c084ae8ca3d720f25fb8ef82e6cc13dfd144086a
