Trip	Site	Type	elemental_pc1	elemental_pc1_global_sensitivity
1	1	Deep	2.148104340969962	2.0492341767545055
1	1	Rhizosphere	1.9209168453799863	1.8995055105934173
1	1	Surface	-1.959368261140494	-1.4313194982458721
1	2	Deep	-1.010666892114196	-0.5851514843439166
1	2	Rhizosphere	-0.4936462950642177	-0.19891162298987344
1	2	Surface	-1.9297700350591944	-1.3975159968098971
1	3	Deep	-1.8256128136332312	-1.3300144519343469
1	3	Rhizosphere	-2.9662293117052836	-2.2870697233723503
1	3	Surface	-2.4678592627167077	-1.8660773274759195
1	4	Deep	-0.7111097371498051	-0.41011954262415307
1	4	Rhizosphere	-3.143265325678815	-2.4545501517434234
1	4	Surface	-2.1650797273003595	-1.6247654587060723
1	5	Deep	3.007391567151259	2.764806750899103
1	5	Surface	-0.20675011774745225	0.06836308465887135
1	6	Deep	0.5684276591573623	0.6816587351358123
1	6	Rhizosphere	-1.3987360985758759	-0.9940082217362837
1	6	Surface	-3.1322761774484422	-2.418925259855293
1	7	Deep	0.22835001665126473	0.4263422368923684
1	7	Rhizosphere	-1.677560404653035	-1.25665302183023
1	7	Surface	0.5636535058760093	0.7224286999958949
1	8	Deep	-2.18952460459957	-1.6377870771826062
1	8	Rhizosphere	-2.178868047388594	-1.5812031483548434
1	8	Surface	-2.722310398515943	-2.103418635871824
1	9	Deep	-0.0703814031985373	0.2017521770945219
1	9	Rhizosphere	-1.0965921254525024	-0.7609134980220269
1	9	Surface	-0.30004174707100856	-0.007627286341326913
1	10	Deep	-0.8060237199033837	-0.4363712206141
1	10	Rhizosphere	-1.7129692918237136	-1.223545137884281
1	10	Surface	-0.6985677099444842	-0.40156376039792163
1	11	Deep	0.15031660027657603	0.4232237047116162
1	11	Rhizosphere	-0.8666310621310042	-0.4294699827230882
1	11	Surface	-0.5413500644758301	-0.21247562142132195
1	12	Deep	-2.3611124824460212	-1.668409525116033
1	12	Rhizosphere	-3.377143228368803	-2.6855638625397242
1	12	Surface	-2.508049317226038	-1.8839921265912374
1	13	Deep	-1.5636885225111383	-1.0475704506839967
1	13	Surface	-1.6325541255814469	-1.146014068420373
1	14	Deep	-1.7917873595467448	-1.2234536251949752
1	14	Rhizosphere	-0.3513119788168605	-0.11120141178338812
1	14	Surface	0.15519749399583072	0.4156043466983239
1	15	Deep	-1.0033041566444827	-0.6313415133520766
1	15	Rhizosphere	-0.6927363840404321	-0.3065961053085205
1	15	Surface	-1.077395063083111	-0.6390783227680701
1	16	Deep	-1.2424356429293368	-0.7616932579846202
1	16	Rhizosphere	-2.114091128739671	-1.5981313398022166
1	16	Surface	-1.7242398685596845	-1.2020689829862456
1	17	Deep	-2.2244175946889397	-1.627284561696142
1	17	Rhizosphere	-1.8435644510686526	-1.283219117125786
1	17	Surface	-1.6798867827179051	-1.139924148979732
1	18	Deep	0.02666180426136626	0.2908992208241986
1	18	Rhizosphere	-1.7406996470705562	-1.1850495813948436
1	18	Surface	-1.0152824839342425	-0.5910485122172342
1	19	Deep	-0.557033703960299	-0.15993563383699563
1	19	Rhizosphere	-1.53503801702525	-1.0600572646081148
1	19	Surface	-2.6972390649448164	-2.024080484696077
1	20	Deep	-1.8745054287189102	-1.3012631091234266
1	20	Rhizosphere	-1.9896014935616417	-1.4833750762762294
1	20	Surface	-0.30467381212062045	0.04938302363831291
1	21	Deep	-1.3840009628166914	-0.9173757264664879
1	21	Rhizosphere	-2.725534267733994	-2.044177109527783
1	21	Surface	-0.8659363582674906	-0.5002166155022316
1	22	Deep	-2.406971535433607	-1.786057395247853
1	22	Rhizosphere	-2.0465437811228395	-1.4650163456599063
1	22	Surface	-1.8906303474927817	-1.3418982133652537
1	23	Deep	-0.7282690076963615	-0.31700087842528407
1	23	Rhizosphere	-2.267152669288406	-1.6578382330617918
1	23	Surface	0.39038942437109225	0.5806078536622216
1	24	Deep	-0.9725464613519643	-0.564184327972187
1	24	Rhizosphere	-0.49275423794106843	-0.10727553892737433
1	24	Surface	-1.7312102076679916	-1.265767953697874
1	25	Deep	0.3139821510685936	0.558124353001493
1	25	Rhizosphere	-1.7672444933331433	-1.2751627966533479
1	25	Surface	-2.0049438928801084	-1.4786536831692518
1	26	Deep	-1.6495776020478257	-1.1666174241150924
1	26	Rhizosphere	-0.5327539594989231	-0.25233785898111905
1	26	Surface	-2.91673449645337	-2.2310221407256385
1	27	Deep	-1.9349760994483516	-1.467548880063891
1	27	Rhizosphere	-0.7345566490365487	-0.4560519256153295
1	27	Surface	-0.4358345677964759	-0.15648588680526043
1	28	Deep	-1.9759782755839217	-1.4724028408941865
1	28	Rhizosphere	-2.1241499250068707	-1.5422644549273277
1	28	Surface	0.7416130945391853	0.8770035112550113
1	29	Deep	2.7059478513630197	2.606630542900521
1	29	Rhizosphere	-2.963867879136758	-2.21735737613018
1	29	Surface	-0.181610558497548	0.10545224381926692
1	30	Deep	0.6031741618057388	0.7401931110867673
1	30	Rhizosphere	-0.2878384435178732	-0.04895328591314763
1	30	Surface	0.667718093394068	0.824843528855178
1	31	Deep	-1.0554446786670537	-0.6384622638085684
1	31	Rhizosphere	0.774385128414532	0.9220295851435296
1	31	Surface	0.4581516582531418	0.7273217619182923
1	32	Deep	2.0248809662854454	1.952178421371032
1	32	Rhizosphere	2.1903319641538306	2.1422305058094993
1	32	Surface	1.6257629822056463	1.6633664360744902
1	33	Deep	-1.1278629849994015	-0.7235571113586577
1	33	Rhizosphere	-1.5342904049460984	-1.0625471127504027
1	33	Surface	2.099640553126637	2.070672322241704
1	34	Deep	0.8480300900259148	0.9408303214959787
1	34	Rhizosphere	-1.1357192399001048	-0.765726649873964
1	34	Surface	-0.8546837870556027	-0.4604653312998038
1	35	Deep	-1.8291222567439067	-1.2935177588481084
1	35	Rhizosphere	-2.401962355670321	-1.8198106227339412
1	35	Surface	1.256504507295597	1.3153221406160251
1	36	Deep	-0.42429022045797465	-0.12375347704010571
1	36	Rhizosphere	-2.1334380520557685	-1.5222044787665159
1	36	Surface	2.753943194717095	2.6092903861265273
1	37	Deep	-0.04934608069152523	0.269715659324221
1	37	Rhizosphere	0.11141374919567783	0.43171454138487836
1	37	Surface	3.559259969920937	3.332150988877613
1	38	Deep	-0.5202761809084065	-0.15938555772213775
1	38	Rhizosphere	-2.37988297080079	-1.7111390989098587
1	38	Surface	2.3209693498362953	2.265682073000284
1	39	Deep	1.2109833308226077	1.2949238540283394
1	39	Rhizosphere	1.029850825180093	1.1696651722051057
1	39	Surface	3.7532903467022614	3.4813748058329095
1	40	Deep	2.317293317184157	2.3271432693789253
1	40	Rhizosphere	-0.0008149156869139652	0.32535299907708215
1	40	Surface	3.5409004699902424	3.646893208790017
1	41	Deep	0.42825967782468527	0.5910540209699296
1	41	Rhizosphere	1.101850246648347	1.4019856363924317
1	41	Surface	3.553693291600244	3.7260891135323617
1	42	Deep	2.19981121153326	2.212698003076784
1	42	Rhizosphere	-0.19984947530913838	0.16142811294853857
1	42	Surface	3.107553601792569	3.0559309250717774
1	43	Deep	0.8244868497592912	0.9875474164597001
1	43	Rhizosphere	-0.19180849293861377	0.13162608116802935
1	43	Surface	1.9657470345372041	2.039928053855204
1	44	Deep	-0.27015299508140544	0.05623966438367812
1	44	Rhizosphere	-2.239979271776839	-1.6066487538394618
1	44	Surface	1.8678276416209074	1.9558463000950734
1	45	Deep	2.2380165978659883	2.256487327726905
1	45	Rhizosphere	2.2755358628524456	2.3134333170916364
1	45	Surface	0.2310777543039483	0.5479213957382106
1	46	Deep	1.060851109740456	1.2223776065011438
1	46	Rhizosphere	0.041464741751938455	0.4140340236353515
1	46	Surface	1.469321839843212	1.617328568069572
1	47	Deep	0.4374532170819354	0.6741943859230562
1	47	Rhizosphere	0.47449636852872357	0.7592605236097307
1	47	Surface	-0.7982201676977826	-0.38371795745221504
1	48	Deep	5.6601765984247185	5.450996026656583
1	48	Rhizosphere	3.764637889852366	3.718012176999736
1	48	Surface	3.5797342036061486	3.544500685990451
1	49	Deep	-0.5547391788733351	-0.1627746026674711
1	49	Rhizosphere	0.3138393770331579	0.5435435958352746
1	49	Surface	-2.2544713374332996	-1.695309642413756
1	50	Deep	-1.286986461754966	-0.8754419675833638
1	50	Rhizosphere	-1.543316655454312	-1.1603475989084664
1	50	Surface	-0.9175344848661535	-0.5239967305509787
1	51	Deep	2.0927033819390615	2.4895357370256064
1	51	Rhizosphere	2.238862736251615	2.4233065372906903
1	51	Surface	3.133612347373893	3.2404295019154405
1	52	Deep	6.155075637176495	6.08311919019825
1	52	Surface	6.430888615830857	6.295557863427842
1	53	Deep	-3.161588532165243	-2.4054146524108706
1	53	Rhizosphere	-0.5391118595431995	-0.09070486637703311
1	53	Surface	-2.59824651422896	-1.8661867032541162
1	54	Deep	2.2771965745158154	2.3439033672682523
1	54	Rhizosphere	-0.9503114754088179	-0.42570932724102295
1	54	Surface	-0.5831904165234109	-0.03710937266284175
1	55	Deep	7.574336644824799	7.240243427446173
1	55	Rhizosphere	6.879978623552765	6.8158305467597495
1	56	Deep	2.5300616392740127	2.781467653230388
1	56	Surface	-0.3520030334852675	0.13477015540604706
1	57	Deep	2.3375916128538283	2.6065963892251833
1	57	Rhizosphere	0.6962087966503289	1.071244410396771
1	57	Surface	1.5199296889094658	1.9310122304179704
1	58	Deep	2.3278260858547113	2.487777764494522
1	58	Rhizosphere	5.092709174355131	4.909703103316677
1	58	Surface	3.7767080067739616	3.7988973707263844
1	59	Deep	1.162956047440184	1.5883349788778305
1	59	Rhizosphere	3.396925215479987	3.53736757558772
1	59	Surface	3.7787368091439375	3.981062232821812
1	60	Deep	0.5220476199476075	0.9935646465954546
1	60	Rhizosphere	-0.5066144257715455	-0.11587261284516855
1	60	Surface	2.0022305708229506	2.3437632061415883
2	1	Deep	0.6186596781690581	-0.21401851767452826
2	1	Rhizosphere	3.5416857537385997	1.6864661427365044
2	1	Surface	0.06136523147811216	-0.6000996680719157
2	2	Deep	1.9448175195432302	0.9089057890757876
2	2	Rhizosphere	2.8238800074229387	0.6950252575141851
2	2	Surface	3.924668984012342	1.9496173342677323
2	3	Deep	-1.452922433495124	-1.9494187286997573
2	3	Rhizosphere	0.5217456138574219	-0.6603878727435585
2	3	Surface	-0.5761550378363779	-1.6526768277483876
2	4	Deep	2.9725270266546246	0.9968799772015459
2	4	Rhizosphere	-2.7643272108621164	-2.1960588626825337
2	4	Surface	1.220777086384052	0.4743267782096964
2	5	Deep	5.050671907007332	3.322394948813983
2	5	Rhizosphere	-1.1888451888320222	-1.7885047768238094
2	5	Surface	0.49459694823929135	-0.8415284104200486
2	6	Deep	-2.1133590072396466	-2.110084246660068
2	6	Rhizosphere	-2.031471153292861	-2.094800412396461
2	6	Surface	-2.0850549815857438	-1.9116649623796398
2	7	Deep	-3.0489820327411565	-2.6616525303640497
2	7	Rhizosphere	-2.3527001995992016	-2.3846378857457933
2	7	Surface	-0.8868165334008387	-1.2710430542229678
2	8	Deep	-1.088994931678552	-1.679054620875395
2	8	Rhizosphere	-0.49517520739531046	-1.2293731164188362
2	8	Surface	-3.090591838548074	-2.4952310232384898
3	1	Deep	2.920050482320639	2.850573900591005
3	1	Rhizosphere	-1.4419014310102227	-1.3281120442268437
3	1	Surface	1.257127167111125	1.205734420835074
3	5	Deep	2.188110286181914	2.1709323564354825
3	5	Rhizosphere	-1.1560713048959896	-1.0712503267021505
3	5	Surface	-0.09494825581772845	-0.050514857691992564
3	6	Deep	-1.3946833446519162	-1.3240740771866777
3	6	Rhizosphere	-2.7854756497033515	-2.725187652784298
3	6	Surface	-2.73884100357183	-2.5608736897417557
3	7	Deep	-1.6559305623605174	-1.5915857054652078
3	7	Rhizosphere	-2.2356130334337383	-2.105059934900974
3	7	Surface	-2.1505106111572365	-2.0579588078567275
3	8	Deep	-2.908015441501167	-2.717866947002039
3	8	Rhizosphere	-2.630183653704812	-2.49827936852901
3	8	Surface	-2.120595040182056	-2.005085015974097
3	9	Deep	-2.8873877102141945	-2.738652603464489
3	9	Rhizosphere	-2.2688126492140466	-2.1886711377316477
3	9	Surface	-2.3287024290097875	-2.1856202572429253
3	10	Deep	-1.83282885167408	-1.6563548122221092
3	10	Rhizosphere	-1.723515219841396	-1.6712027719268001
3	10	Surface	-1.4369094557312492	-1.3777795018808916
3	11	Deep	-0.7925893250864225	-0.690114270876356
3	11	Rhizosphere	-1.5246090209938967	-1.4329931534743194
3	11	Surface	-3.0574460691916387	-2.9861947639921653
3	12	Deep	-1.9403182338263703	-1.797780030075157
3	12	Rhizosphere	-0.8715481373935133	-0.8446862298489626
3	12	Surface	-1.1191846290536878	-1.0987646942559328
3	13	Deep	-1.5464853363118023	-1.417905670828846
3	13	Rhizosphere	-1.4258578318795356	-1.3615838931351056
3	13	Surface	-1.6709083249440282	-1.5989261628255744
3	14	Deep	0.8106162388352324	0.753901131317364
3	14	Rhizosphere	-1.4121190423856298	-1.3311552670005002
3	14	Surface	-0.27062539294195287	-0.2625686141755419
3	15	Deep	-2.217122431740738	-2.058837430753372
3	15	Rhizosphere	-1.1666304377709864	-1.1591477996784563
3	15	Surface	-0.8129601017968902	-0.7820275687637243
3	16	Deep	-0.8489044919491151	-0.7307916262603696
3	16	Rhizosphere	-1.5468685667186812	-1.5095354563812293
3	16	Surface	-1.6060570005064063	-1.5055796043046277
3	17	Deep	-1.5284315526556684	-1.3988657928484138
3	17	Rhizosphere	-1.9315938654709615	-1.9170652381588722
3	17	Surface	2.0211430982423786	1.628891188875625
3	18	Deep	-0.8428031289316049	-0.8059200291532875
3	18	Rhizosphere	-1.8288967879280063	-1.787155866127451
3	18	Surface	0.28979654935108934	0.276367820463078
3	19	Deep	-2.166950117047305	-2.0100969916695828
3	19	Rhizosphere	-0.9872323520909246	-0.9725735093357839
3	19	Surface	-1.1934623537513107	-1.106730691856871
3	20	Deep	0.04973378489654542	0.07860372706405604
3	20	Rhizosphere	-2.193072571434189	-2.053457591510492
3	20	Surface	-0.7061303876740372	-0.6750025584678396
3	21	Deep	-1.6212610191931904	-1.4715271663612008
3	21	Rhizosphere	-2.7542482556098125	-2.6318556418019243
3	21	Surface	-0.8159037915577018	-0.7369125743383684
3	22	Deep	3.1674827765151297	3.0392667586399695
3	22	Rhizosphere	-0.30607967933625274	-0.24560778506462336
3	22	Surface	-1.4904067732308866	-1.3612663574541208
3	23	Deep	-0.8894342658974774	-0.7395764762522141
3	23	Rhizosphere	1.4401666238583155	1.4593492261463066
3	23	Surface	1.3577257443230168	1.3498172662079915
3	24	Deep	0.19556307161983014	0.29888620148204664
3	24	Rhizosphere	-2.043306458590272	-1.9399149442751684
3	24	Surface	2.1105846832945345	1.9232355695459216
3	25	Deep	-0.9816976707649204	-0.913025114995608
3	25	Rhizosphere	-1.7098224488291835	-1.6125743729840325
3	25	Surface	-1.2057522319712042	-1.09336377322887
3	26	Deep	0.30244986013633146	0.344428997015982
3	26	Rhizosphere	-1.0473820337839237	-1.0002869640920609
3	26	Surface	-0.6207348744261437	-0.6191032372735773
3	27	Deep	-0.159614448016625	-0.10361956543438874
3	27	Rhizosphere	-0.6131096242891496	-0.6369479812966078
3	27	Surface	-1.2255283533480463	-1.1365182607558002
3	28	Deep	-0.6680700945962437	-0.5404387214147847
3	28	Rhizosphere	-1.7329907842589547	-1.642686744360829
3	28	Surface	-2.076975205082079	-1.9714000590098852
3	29	Deep	-1.3445498421236457	-1.1478799552057615
3	29	Rhizosphere	-1.7043701635262887	-1.6077769735021465
3	29	Surface	-0.4688256456869754	-0.3691418218344567
3	30	Deep	-2.1549674177845457	-1.9226610742859644
3	30	Rhizosphere	-0.764065096736108	-0.6598423990821346
3	30	Surface	-1.5531965454637633	-1.4546828006408192
3	31	Deep	-0.682437469597872	-0.5593329885352047
3	31	Rhizosphere	-1.0106467106975747	-0.9450827807642331
3	31	Surface	-1.8139907309783079	-1.688350564638677
3	32	Deep	-0.360698696036922	-0.3086689657116
3	32	Rhizosphere	-2.0856217850742786	-1.9071075894462053
3	32	Surface	-0.0087314636822432	-0.04945012761789838
3	33	Deep	-0.5466591978071753	-0.4816739490732249
3	33	Rhizosphere	-1.2417191762632285	-1.1402031219524507
3	33	Surface	-2.7928753732522185	-2.607202989688162
3	34	Deep	-0.5174037137055373	-0.5045675590558638
3	34	Rhizosphere	-0.6497578848379247	-0.5889136597058988
3	34	Surface	0.049873986034640376	0.14298529075804559
3	35	Deep	-0.5687978066713277	-0.521157371329601
3	35	Rhizosphere	-1.678728682937508	-1.536130221185822
3	35	Surface	0.03314467790973343	0.1205697758825293
3	36	Deep	0.8616028271479351	0.9206814492304669
3	36	Rhizosphere	-0.4654201353178604	-0.3977601995720956
3	36	Surface	2.189855793563528	2.088024963722617
3	37	Deep	0.5208786415733393	0.5611535658996194
3	37	Rhizosphere	-0.7967982080647956	-0.7279887028370937
3	37	Surface	2.7714563796401435	2.6174717711974274
3	38	Deep	-1.0485328682019188	-0.9439593293851689
3	38	Rhizosphere	0.830892394059373	0.8285184183810579
3	38	Surface	2.514062026907299	2.3904441469543922
3	39	Deep	-1.1089149537715917	-1.0049291326233916
3	39	Rhizosphere	-1.1958617214842004	-1.1632488269314398
3	39	Surface	1.7653242731340604	1.649827436380666
3	40	Deep	-1.640210911362835	-1.5695667268370137
3	40	Rhizosphere	-1.941075440062546	-1.8471339930131454
3	40	Surface	1.5342590827552658	1.4481073435816492
3	41	Deep	2.9380844442022487	2.821810218560865
3	41	Rhizosphere	-1.0470020195256577	-1.0354739534429473
3	41	Surface	4.469476397467053	4.428919598217156
3	42	Deep	1.2033607959945756	1.1115387965022316
3	42	Rhizosphere	0.41650692355790836	0.441603468528565
3	42	Surface	2.862036770712971	2.769326598498752
3	43	Deep	-1.1457868523423504	-1.0968580089667899
3	43	Rhizosphere	0.4012249961898426	0.36291943086248163
3	43	Surface	1.1993688469674753	1.2161174132190142
3	44	Deep	1.371010354404303	1.3186531007726967
3	44	Rhizosphere	0.14946202719934296	0.18273922332214584
3	44	Surface	0.8529228700932088	0.8339729978145557
3	45	Deep	2.707897382493322	2.7360046172064965
3	45	Rhizosphere	-1.4877826032591959	-1.4550087332741426
3	45	Surface	0.26010440845031446	0.2407471329498495
3	46	Deep	0.8834066643960421	0.9326098758920385
3	46	Rhizosphere	1.1685994502308779	1.0805740308449796
3	46	Surface	0.6949436938116094	0.7394326193920411
3	47	Deep	-0.5003028403082499	-0.3789298071461577
3	47	Rhizosphere	-0.6581530444425672	-0.6504165778898284
3	47	Surface	1.0739873561557982	1.0895316679275715
3	48	Deep	1.2395717884800916	1.202372395378509
3	48	Rhizosphere	1.145387467412951	1.0473444793559687
3	48	Surface	2.0923132663945427	2.0620010618355753
3	49	Deep	-1.450592763171751	-1.3709305234691185
3	49	Rhizosphere	-0.18264920990876174	-0.12841668913486792
3	49	Surface	-0.473699722936254	-0.455425295169557
3	50	Deep	-1.8479469786819624	-1.6885752634553086
3	50	Rhizosphere	0.5676067810930077	0.5644272211212498
3	50	Surface	0.26625935686923835	0.190130613331896
3	51	Deep	2.4821264272402663	2.4391599950478753
3	51	Rhizosphere	1.974474909148946	1.991052306915113
3	51	Surface	0.02172047161520588	0.11662651033983415
3	52	Deep	6.8445657307118255	6.535042719602115
3	52	Surface	2.4774161149898335	2.3643121702404617
3	53	Deep	-0.5019538606051249	-0.37788730197614895
3	53	Rhizosphere	1.1258194558527068	1.0536400967691144
3	53	Surface	-0.15947126366627176	-0.12154166529047207
3	54	Deep	1.6070975311851325	1.6350885409990399
3	54	Rhizosphere	3.644204258346882	3.7440945550621656
3	54	Surface	5.223815786845144	5.172416930896508
3	55	Deep	6.38140133613074	6.106991141569251
3	55	Rhizosphere	3.838546329182164	3.853657739660617
3	55	Surface	5.967869612908003	5.895903652592636
3	56	Deep	2.8540404765777114	2.7403214831422376
3	56	Surface	2.5289204338370177	2.3539141586265413
3	57	Deep	0.7513570277933079	0.6618908087445357
3	57	Rhizosphere	2.0782267668735837	1.9986677913093847
3	57	Surface	3.0309985290639108	2.7216701690256735
3	58	Deep	4.227762936303948	4.0628257724635155
3	58	Rhizosphere	2.80221314899965	2.6749190157937544
3	58	Surface	5.271992004283482	5.021838466476432
3	59	Deep	3.3420103739711133	3.160158719501627
3	59	Rhizosphere	2.3852907885088306	2.236983453918806
3	59	Surface	3.7788821055717436	3.625032032069728
3	60	Deep	1.3385805745453097	1.3296516340948195
3	60	Rhizosphere	0.7028760858516458	0.6218120588560404
3	60	Surface	-1.2653917564162411	-1.1370813163902544
4	1	Deep	-1.374049948551536	-1.610831120991723
4	1	Rhizosphere	-1.4799144046789912	-1.853647169289063
4	1	Surface	-0.3971751410226035	-0.7096014323776134
4	2	Deep	-0.009054718610910808	-0.27458795575680933
4	2	Rhizosphere	-1.1673861865127795	-1.4688583550619092
4	2	Surface	-0.09690391715498232	-0.3559930498060551
4	3	Deep	-1.799966786690831	-1.9146211963006112
4	3	Rhizosphere	-0.7819681328049606	-1.0911344423053484
4	3	Surface	-1.0452006465682202	-1.2235999102223616
4	4	Deep	-2.5609113781642057	-2.6972546849982786
4	4	Rhizosphere	-0.9665004511949392	-1.28980182895793
4	4	Surface	-2.1639857609287847	-2.2557034439347023
4	5	Deep	-0.761921804655723	-0.9613243391506671
4	5	Rhizosphere	-1.7819440692864355	-1.9921067535040307
4	5	Surface	-0.42680001299427156	-0.6395108586021141
4	6	Deep	-2.45916314729077	-2.538827943757459
4	6	Rhizosphere	-1.240426244161771	-1.5544265735084668
4	6	Surface	-2.6888064520673787	-2.6930034044819835
4	7	Deep	-0.4152182831337529	-0.7300772343095392
4	7	Rhizosphere	-2.3256994968027462	-2.488675979317886
4	7	Surface	0.8271719796639702	0.3625946888812178
4	8	Deep	-2.415428989542349	-2.5237769153161174
4	8	Rhizosphere	-2.7043283439377874	-2.764834862703948
4	8	Surface	-1.666129133231808	-1.9228758479665036
4	9	Deep	-1.978067308920278	-2.0641212696969653
4	9	Rhizosphere	-1.1158397565674385	-1.420414690805678
4	9	Surface	-2.020159404787596	-2.2550750248067932
4	10	Deep	-1.7409861135703524	-1.90224535317019
4	10	Rhizosphere	0.2503910003135577	-0.3149484625692059
4	10	Surface	-0.31715408994459715	-0.5357406599250154
4	11	Deep	-0.7435148960123878	-1.0083212331268112
4	11	Rhizosphere	-0.4871334229949952	-0.8667301292687088
4	11	Surface	-1.126477160423464	-1.461269578452079
4	12	Deep	1.9414684381786398	1.2010451484364775
4	12	Rhizosphere	0.27482238072504167	-0.28381501324799135
4	12	Surface	-1.5964867105361478	-1.7072634976590497
4	13	Deep	0.5708514996249248	0.0016778502351405492
4	13	Rhizosphere	-0.38211013745002	-0.6407916331873453
4	13	Surface	-0.9174725383831781	-1.2392330088191335
4	14	Deep	-0.5544031589165439	-0.8311487112357694
4	14	Rhizosphere	-0.9241772906964081	-1.2128854920275414
4	14	Surface	-1.0120177727111	-1.1622657203916082
4	15	Deep	-0.8375358958118387	-1.2076221971228889
4	15	Rhizosphere	-1.0362534040390734	-1.3955964711383555
4	15	Surface	-2.0333814119450215	-2.138816161174859
4	16	Deep	-1.4299442706757821	-1.8078316957863338
4	16	Rhizosphere	-0.7062721130463442	-1.094990918693651
4	16	Surface	-1.3085500384738098	-1.4381956898689583
4	17	Deep	-1.8723511185700008	-2.1065256036662303
4	17	Rhizosphere	-1.2816633686816947	-1.5626014733842293
4	17	Surface	-1.1514777572886408	-1.3065910838537012
4	18	Deep	1.1496692225341971	0.5513947714825764
4	18	Rhizosphere	-0.8312307845872979	-1.2475449651987198
4	18	Surface	1.1463501793592927	0.6127353452787203
4	19	Deep	-2.273594118682666	-2.4413543988536164
4	19	Rhizosphere	-0.8672293258757624	-1.2076258749032274
4	19	Surface	-2.026112988467927	-2.0996449960083465
4	20	Deep	-0.3687675262588698	-0.7892242712509676
4	20	Rhizosphere	-1.0054431481641732	-1.300890998496072
4	20	Surface	-1.9944560121016108	-2.020078208316985
4	21	Deep	-0.906223002077245	-1.2699083349042848
4	21	Rhizosphere	-2.115630671513043	-2.3031252300597593
4	21	Surface	-0.0838702673413275	-0.39261791943798036
4	22	Deep	-1.7279748095896592	-1.9509917912492851
4	22	Rhizosphere	-1.3844126714600606	-1.7276265045304369
4	22	Surface	-0.6801571338184147	-1.0386350320030149
4	23	Deep	1.8411778853259664	1.0542478099521055
4	23	Rhizosphere	0.2542904379743347	-0.1264384423643088
4	23	Surface	2.8009207371779294	2.1160007803376413
4	24	Deep	-1.0631152235724128	-1.4763863650916451
4	24	Rhizosphere	-1.5014914608801333	-1.7529956614387292
4	24	Surface	-1.908863091396851	-2.1486505952509067
4	25	Deep	-0.7104401354150601	-0.9722777484435314
4	25	Rhizosphere	0.1516175189109996	-0.2848833695292572
4	25	Surface	-1.5383147302983242	-1.6335194716826003
4	26	Deep	-0.6707001739787424	-1.0983214073117786
4	26	Rhizosphere	-1.9815476205216933	-2.064421372561836
4	26	Surface	-1.7518053840271954	-1.8390225086386653
4	27	Deep	-0.38137395459657	-0.8834965636816485
4	27	Rhizosphere	-0.21178502981037464	-0.7768801564228831
4	27	Surface	-1.4660735104971219	-1.5655651466298324
4	28	Deep	-0.9216287096896332	-1.3236916483994339
4	28	Rhizosphere	-0.9201242835560517	-1.3151456640447663
4	28	Surface	-1.880617034216481	-2.087208530960399
4	29	Deep	-1.3191618345830332	-1.64661019802024
4	29	Rhizosphere	-0.8170556744667838	-1.0972725583522698
4	29	Surface	-1.5760521034348405	-1.727610211496535
4	30	Deep	-0.8692694949965742	-1.2280491123794368
4	30	Rhizosphere	1.444033483987838	0.7265762858596142
4	30	Surface	-1.0868402328034343	-1.368306535870041
4	31	Deep	-0.0004035424006636013	-0.520425796406397
4	31	Rhizosphere	-1.1267468763016366	-1.4525860396473287
4	31	Surface	-1.7624737157701935	-1.7972540405587576
4	32	Deep	0.06259402727682487	-0.531144806983206
4	32	Rhizosphere	0.3969149879330262	-0.0807406277714933
4	32	Surface	-0.7154976036535052	-1.0023213630397054
4	33	Deep	-0.8223877286558772	-1.1347778888542628
4	33	Rhizosphere	-0.573033520418201	-1.0042245846925304
4	33	Surface	-0.4847615321626738	-0.8028966267879313
4	34	Deep	-0.2727835676777823	-0.7131702718737013
4	34	Rhizosphere	-0.9250884631419113	-1.4055604509430144
4	34	Surface	-1.5229857757547522	-1.7450261852911049
4	35	Deep	1.5539916258311095	0.9621069632278781
4	35	Rhizosphere	-1.5049202769513148	-1.7039858671516799
4	35	Surface	0.904697744438883	0.3899612596772276
4	36	Deep	-1.9767282155630255	-2.1610124729642126
4	36	Rhizosphere	-2.16617298905651	-2.332412536807044
4	36	Surface	-1.2863785478492709	-1.4542319525308522
4	37	Deep	-0.18307840882947726	-0.658894323386429
4	37	Rhizosphere	-0.3541582454472166	-0.8674810474353767
4	37	Surface	-0.9867259223895527	-1.2315340262868617
4	38	Deep	0.5336942839190008	-0.019072585364726436
4	38	Rhizosphere	-0.6756821379863162	-0.9572763412791426
4	38	Surface	-0.5376740873405632	-0.8552389316149057
4	39	Deep	1.3481015200724984	0.6916301571733987
4	39	Rhizosphere	-4.3731316185168114e-05	-0.33812639497548586
4	39	Surface	-0.47035479968197264	-0.7377404027264058
4	40	Deep	-0.7721987776719096	-1.1340939036456639
4	40	Rhizosphere	1.9369269410443535	1.2454669666072675
4	40	Surface	-0.6424635823899921	-0.8799623954758161
4	41	Deep	2.253899115953362	1.5115229146371003
4	41	Rhizosphere	0.09115248254925437	-0.2724194401631954
4	41	Surface	1.7148664268083196	1.2382077947892354
4	42	Deep	1.7192191711890927	1.1699596349532537
4	42	Rhizosphere	2.4255998509470427	1.592931482735056
4	42	Surface	0.12183164467545603	-0.24310432884456445
4	43	Deep	1.1338304943920332	0.6935963693299819
4	43	Rhizosphere	-1.0152532976524338	-1.338215408793142
4	43	Surface	-0.7353043172113569	-1.0456405281322394
4	44	Deep	0.47021044582175875	-0.03623092896592397
4	44	Rhizosphere	2.232221975983171	2.0094035521088527
4	44	Surface	1.2680420807887738	0.7108291131819342
4	45	Deep	3.290997226432242	2.4005513828149656
4	45	Rhizosphere	1.4164249440759202	0.7329068262522556
4	45	Surface	-1.790170135163753	-1.935108215865943
4	46	Deep	2.6046797046734214	1.8037524911505574
4	46	Rhizosphere	-0.0006580467268704487	-0.48586501162357904
4	46	Surface	1.3574828927050229	0.817737752332616
4	47	Deep	0.6107039922778106	0.04298809632796408
4	47	Rhizosphere	1.0778489392240729	0.431516185338496
4	47	Surface	-0.7844826765673726	-1.1241899515590383
4	48	Deep	0.011372814598662464	-0.46335650040965726
4	48	Rhizosphere	0.10159215643578909	-0.35583040139253846
4	48	Surface	-1.1971656315618138	-1.448048635839871
4	49	Deep	10.221522790264478	8.106535126598628
4	49	Rhizosphere	2.161232614130644	1.7735198323396024
4	49	Surface	3.0355674135871777	2.345572035588194
4	50	Deep	0.6856948951171989	-0.008491800920897926
4	50	Rhizosphere	1.078976573762511	0.42916795959592413
4	50	Surface	-1.2624890457089102	-1.5220924683895127
4	51	Deep	-0.3429036368152858	-0.6992655682450777
4	51	Rhizosphere	-0.7218523508920273	-1.1767813305116883
4	51	Surface	-1.7531015959044238	-1.9841780743012756
4	52	Deep	3.1406570838211203	2.218344041832952
4	52	Rhizosphere	2.388946414352189	1.5115358349322428
4	52	Surface	0.7665793235474394	0.23518928100667644
4	53	Deep	0.510443835977687	-0.020487059574819826
4	53	Rhizosphere	-0.7053685353028054	-1.0359016048008172
4	53	Surface	2.465915414538078	1.8483618161039592
4	54	Deep	1.7203907308183537	1.196036327146219
4	54	Rhizosphere	2.06905510189058	1.1961117655471956
4	54	Surface	1.804266962310469	1.1796071671202928
4	55	Deep	8.039184460077987	6.505443625848775
4	55	Rhizosphere	6.5072445079800865	5.106133822926698
4	55	Surface	5.969035373728929	4.693569723168075
4	56	Deep	4.036256482566898	2.846899477936518
4	56	Rhizosphere	2.295154227436971	2.3158180523625322
4	56	Surface	3.6811742939224117	2.6628952995772037
4	57	Rhizosphere	1.1971736664847645	0.5361685352256473
4	57	Surface	0.47089835483310544	-0.05018981729839153
4	58	Deep	5.121509443527251	3.801533396616396
4	58	Rhizosphere	3.5270859338093516	2.753587453696709
4	58	Surface	1.6910087518258932	0.9929421939527588
4	59	Deep	5.904429352912364	4.165750576044568
4	59	Rhizosphere	1.2544143005436552	0.646010779763858
4	59	Surface	3.633534770197092	2.72253090864578
4	60	Deep	-0.13132351684833574	-0.6407897571953188
4	60	Rhizosphere	-1.1671234109764002	-1.4027079314658042
4	60	Surface	0.844597651068666	0.32783092950684095
5	1	Deep	-0.15507368609716163	-0.07334498418309239
5	1	Rhizosphere	-1.8460865091095366	-1.8599075248769972
5	1	Surface	-1.8732442472572908	-1.8953042620027647
5	2	Deep	-1.2861740688112642	-1.3783096911508823
5	2	Rhizosphere	0.07990655375962025	0.10437721211936966
5	2	Surface	-0.08641111004145977	-0.12311113588547302
5	3	Deep	-1.2732541660584265	-1.3417557854716495
5	3	Rhizosphere	-1.4738913091733723	-1.5131238659923645
5	3	Surface	-0.8051773804805994	-0.7165651798748931
5	4	Deep	-0.4981643932894166	-0.1753825924221146
5	4	Rhizosphere	-0.6038071158257412	-0.7710350488451593
5	4	Surface	-1.2959576769204537	-1.2450910931364074
5	5	Deep	2.3966020499932377	1.8638098890458958
5	5	Rhizosphere	0.5955388480721838	0.4063635841079742
5	5	Surface	0.7741271075130342	0.5359855610692711
5	6	Deep	0.0774372269512663	-0.30116839114382965
5	6	Rhizosphere	0.3073747749680756	0.11188930373927979
5	6	Surface	-0.21639666232356378	-0.3998464819574111
5	7	Deep	-2.2660102171926306	-2.217659533948488
5	7	Rhizosphere	-1.3541031306645879	-1.3742083345077722
5	7	Surface	-1.8520634503910398	-1.854194511272529
5	8	Deep	-1.2173690880763757	-1.2192873672051987
5	8	Rhizosphere	-0.7045497636793908	-0.7773759768132541
5	8	Surface	0.021326081937939473	-0.2318649285491746
5	9	Deep	-1.6557579567382652	-1.4518196503724414
5	9	Rhizosphere	-1.5776434470310967	-1.5539435349781912
5	9	Surface	-2.0253744970325385	-1.8875392836446323
5	10	Deep	1.311346616853908	0.9916182162485072
5	10	Rhizosphere	-1.2418025909203783	-1.2371087157533758
5	10	Surface	0.5951016333117212	0.4210667572511071
5	11	Deep	-0.4593992120492322	-0.49736936606897786
5	11	Rhizosphere	-2.191360575387711	-2.073441729905002
5	11	Surface	-2.6099097620232663	-2.4623297193531632
5	12	Deep	0.010410493955011329	-0.08417396229180875
5	12	Rhizosphere	-1.324407086064688	-1.2692197300431924
5	12	Surface	-1.8278084071469223	-1.6841362895867942
5	13	Deep	-0.6143862861464114	-0.5320692939837737
5	13	Rhizosphere	-1.2111661989796323	-1.0952787292029194
5	13	Surface	-2.026393303656927	-1.8909535437348506
5	14	Deep	-0.8829678339461723	-0.8048565100157643
5	14	Rhizosphere	-1.3433958148204888	-1.2752953030305747
5	14	Surface	-1.885442486802672	-1.6154391880761354
5	15	Deep	-1.0077728244714055	-0.9033365917429461
5	15	Rhizosphere	-1.2100343701709033	-0.9985143828582668
5	15	Surface	-2.0770738093639496	-1.8895294403133422
5	16	Deep	-0.44029802636454163	-0.37166354326553613
5	16	Rhizosphere	-1.0592309097983592	-0.909312541478588
5	16	Surface	-2.6985626446212154	-2.463234183080458
5	17	Deep	-1.1529265601225334	-1.0075175244072805
5	17	Rhizosphere	-1.341133828470806	-1.2203393524014374
5	17	Surface	-1.2622553935941976	-1.2922874619369626
5	18	Deep	0.8008011998494211	1.4266028651067177
5	18	Rhizosphere	-1.4246293309393463	-1.3372260111455272
5	18	Surface	-1.7987162069622364	-1.5428180882150033
5	19	Deep	-0.9750554879945075	-0.7546971704217963
5	19	Rhizosphere	-1.4995764981439863	-1.3547251629245167
5	19	Surface	-2.2532425250903825	-2.0616286729934825
5	20	Deep	-0.44745405711415764	-0.5840396885044576
5	20	Rhizosphere	-1.308568755103889	-1.0454827138362777
5	20	Surface	-0.9640471702470687	-0.8336295045097897
5	21	Deep	-1.4464248038309164	-1.3504028845791722
5	21	Rhizosphere	-1.9333963981473254	-1.7507397312777293
5	21	Surface	-2.036975749641332	-1.8519398533324551
5	22	Deep	-1.4089900411077352	-1.4225117563671317
5	22	Rhizosphere	-0.4033595054985932	-0.49962209150176307
5	22	Surface	-1.058382425853709	-1.0123408321356442
5	23	Deep	1.8933825652830012	1.600663065486704
5	23	Rhizosphere	1.3123381090713309	1.2794622776382534
5	23	Surface	-1.8484657552112835	-1.7376811970368453
5	24	Deep	0.21469126203613922	0.10818505162049924
5	24	Rhizosphere	-0.5205889743729601	-0.7111667393231657
5	24	Surface	-2.2619330980944796	-2.1876126259322075
5	25	Deep	-0.9378456324051533	-0.8193338765478031
5	25	Rhizosphere	-2.3292947399166755	-2.186888796379683
5	25	Surface	-2.5219118892232486	-2.377845509813928
5	26	Deep	-0.032526299620812577	-0.2845632665141528
5	26	Rhizosphere	-1.0276547459618215	-0.9565781985215943
5	26	Surface	-2.353196245773394	-2.148414308056849
5	27	Deep	-0.947228230916565	-0.7879172108068269
5	27	Rhizosphere	-0.42794350450665986	-0.14092949408235533
5	27	Surface	-1.843383037176429	-1.7409616499824412
5	28	Deep	-1.4901375947725104	-1.4348905816524917
5	28	Rhizosphere	-1.398482902688797	-1.376288572823239
5	28	Surface	-2.3688241662554144	-2.150656440462282
5	29	Deep	2.1085212336151	1.694946728521597
5	29	Rhizosphere	-0.33357852131084587	-0.28265115961490783
5	29	Surface	0.5169284482017499	0.47069900285446425
5	30	Deep	-0.6668884782569685	-0.7068924552509945
5	30	Rhizosphere	1.1116871580538759	0.8858275096176706
5	30	Surface	-0.7504340087701784	-0.7467530113509995
5	31	Deep	1.2158784206549171	0.7589176127210502
5	31	Rhizosphere	0.06430767923718517	0.059421881841048
5	31	Surface	0.283037545142484	0.18836759774069683
5	32	Deep	1.601934645123248	1.1884264132328435
5	32	Rhizosphere	-1.3333562115556525	-1.1691074858613264
5	32	Surface	-0.6650797340494545	-0.6442481580780319
5	33	Deep	0.017588645973085928	0.04123419466068526
5	33	Rhizosphere	-1.1681227215628098	-1.3147105819448874
5	33	Surface	-0.8830856667863803	-0.8993630294184805
5	34	Deep	2.193395329258365	1.908942248402061
5	34	Rhizosphere	-0.6100059137228373	-0.8026557019209044
5	34	Surface	0.08889577639761527	0.0546472410523409
5	35	Deep	-1.2710370567787184	-0.7651428593633502
5	35	Rhizosphere	-0.976552019678439	-1.1724105766828035
5	35	Surface	-1.8199643769123017	-1.7252420522711522
5	36	Deep	1.8567072787369359	2.540523182962752
5	36	Rhizosphere	-2.0456466469317665	-2.0741855256728265
5	36	Surface	-1.425847077174303	-1.3449730389832266
5	37	Deep	-0.8622431044204539	-0.35395741992941065
5	37	Rhizosphere	0.4561969172768855	0.2807238787284582
5	37	Surface	2.8985949463344745	2.4033923420525545
5	38	Deep	2.973956938097325	3.428139848892986
5	38	Rhizosphere	-1.2003084074166048	-1.2729070556892237
5	38	Surface	1.6972292546273269	1.601845716219685
5	39	Deep	0.5930248579186151	1.1191387966363207
5	39	Rhizosphere	-1.3219660706812841	-1.5157320030007115
5	39	Surface	0.46959635733699934	0.5769112899926737
5	40	Deep	2.2910333920941635	2.841868478824453
5	40	Rhizosphere	-0.5249111713685792	-0.564136013191299
5	40	Surface	2.4417880697241365	2.075681864399515
5	41	Deep	6.122452270361334	7.824931973836906
5	41	Rhizosphere	0.0007020966148349031	-0.3727430400228187
5	41	Surface	-1.1382511175200105	-0.7817867886492815
5	42	Deep	-0.7223720779037007	-0.14709436902246706
5	42	Rhizosphere	-1.1361767334197852	-1.1289287258622396
5	42	Surface	-0.6045989004369551	-0.48365345389674
5	43	Deep	1.0511389833723113	1.3827771249087861
5	43	Rhizosphere	-0.6398697638791483	-0.6716640073143437
5	43	Surface	-0.31843148844250146	-0.17666692157834443
5	44	Deep	0.2663012152303535	0.7405675176013556
5	44	Rhizosphere	-0.11433568707409647	-0.2655170845884817
5	44	Surface	-2.3715058666681594	-2.159093274928073
5	45	Deep	5.259554472472983	6.647981849149288
5	45	Rhizosphere	0.12461271733046153	-0.05957948023492459
5	45	Surface	0.31804485416512307	0.34259778081080117
5	46	Deep	1.011103922447883	1.8043336017072975
5	46	Rhizosphere	-0.8248771770119419	-0.9737435807682557
5	46	Surface	0.375077138711149	0.4682732903569995
5	47	Deep	0.6317508698421405	1.0390613631290182
5	47	Rhizosphere	-0.25732746726291333	-0.2890210452975316
5	47	Surface	0.6719770267538067	0.8005589130872806
5	48	Deep	7.957940936547985	9.50777838888482
5	48	Rhizosphere	3.342905423839536	3.3511416075297884
5	48	Surface	5.347797215473777	5.796156356039479
5	49	Deep	0.30878227187643886	0.7947594997468885
5	49	Rhizosphere	-2.1246042166855297	-2.1979923022396117
5	49	Surface	-2.1753009531684278	-2.0060644279007245
5	50	Deep	-1.940918639568582	-1.3441523996579998
5	50	Rhizosphere	-0.9599670571004303	-1.1904939613851577
5	50	Surface	-2.1522929668274604	-1.9770965448595597
5	51	Deep	6.786607816298324	8.514716887061821
5	51	Rhizosphere	1.8521423628084053	1.8311221150855366
5	51	Surface	1.5235921051397072	1.772142876026313
5	52	Deep	7.509592785195232	9.452789419208605
5	52	Surface	4.99546834547472	6.167397304238025
5	53	Deep	0.205696392425067	1.117486948317469
5	53	Rhizosphere	-1.7311158451718383	-1.8157009474061534
5	53	Surface	-1.5004210192751384	-1.1021582848550748
5	54	Deep	4.737830037273531	5.616901083437839
5	54	Rhizosphere	-0.06978363796514535	-0.20530757710662262
5	54	Surface	0.05387977761573871	0.5634977743474036
5	55	Deep	8.119520052097558	10.210071375343942
5	55	Rhizosphere	6.159629039646129	6.569833394763733
5	55	Surface	4.860020826471035	5.38400467161098
5	56	Deep	3.5662313443080915	5.299683931253649
5	56	Surface	1.135751698213667	1.9786689092482246
5	57	Deep	1.307190044473934	2.571191131917567
5	57	Rhizosphere	-2.0110441661352407	-1.9911330423326679
5	57	Surface	-0.3011342701898306	0.5142861858645382
5	58	Deep	3.858325835159648	4.864746812094161
5	58	Rhizosphere	1.299526810110101	1.502787507254436
5	58	Surface	1.7479880735616213	2.2811733444425744
5	59	Deep	4.109840017235612	5.925974752448202
5	59	Rhizosphere	2.0498700559363403	1.9566646205827607
5	59	Surface	4.384506164034673	5.499500234833703
5	60	Deep	-0.20272480012626887	0.6530874155142671
5	60	Rhizosphere	-1.0057322773480113	-1.0153227145343444
5	60	Surface	-0.9597515256328741	-0.5947926323853923
